"id","name","job","frontaliers","pc"
1,"Aeugst am Albis",428,0,0
2,"Affoltern am Albis",6160,14.7,0.238636363636364
3,"Bonstetten",924,2.6,0.281385281385281
4,"Hausen am Albis",946,1.9,0.200845665961945
5,"Hedingen",1485,33.4,2.24915824915825
6,"Kappel am Albis",347,0,0
7,"Knonau",497,0,0
8,"Maschwanden",148,0,0
9,"Mettmenstetten",1522,1.9,0.124835742444152
10,"Obfelden",1189,0.8,0.0672834314550042
11,"Ottenbach",706,1.5,0.212464589235128
12,"Rifferswil",248,0,0
13,"Stallikon",853,1.7,0.199296600234467
14,"Wettswil am Albis",1013,8,0.789733464955577
21,"Adlikon",169,3,1.77514792899408
22,"Benken (ZH)",264,4.2,1.59090909090909
23,"Berg am Irchel",157,0,0
24,"Buch am Irchel",167,0.5,0.29940119760479
25,"Dachsen",407,18.3,4.4963144963145
26,"Dorf",157,1.7,1.0828025477707
27,"Feuerthalen",1051,40.8,3.88201712654615
28,"Flaach",678,20.1,2.9646017699115
29,"Flurlingen",514,27.1,5.27237354085603
30,"Andelfingen",1350,34.3,2.54074074074074
31,"Henggart",643,5.7,0.88646967340591
32,"Humlikon",175,0.7,0.4
33,"Kleinandelfingen",958,17.7,1.84759916492693
34,"Laufen-Uhwiesen",422,21.8,5.16587677725119
35,"Marthalen",1063,42.2,3.96989651928504
36,"Oberstammheim",395,3.6,0.911392405063291
37,"Ossingen",456,9,1.97368421052632
38,"Rheinau",465,94.2,20.258064516129
39,"Thalheim an der Thur",262,0.7,0.267175572519084
40,"Trüllikon",355,2.5,0.704225352112676
41,"Truttikon",97,0.8,0.824742268041237
42,"Unterstammheim",415,2.4,0.578313253012048
43,"Volken",88,1,1.13636363636364
44,"Waltalingen",257,6,2.33463035019455
51,"Bachenbülach",1850,50.6,2.73513513513514
52,"Bassersdorf",3917,46.8,1.19479193260148
53,"Bülach",10252,304,2.96527506827936
54,"Dietlikon",5720,109.7,1.91783216783217
55,"Eglisau",1307,81.2,6.21270084162204
56,"Embrach",3696,85.3,2.30790043290043
57,"Freienstein-Teufen",600,8.7,1.45
58,"Glattfelden",933,27.1,2.90460878885316
59,"Hochfelden",411,5.3,1.28953771289538
60,"Höri",1095,39,3.56164383561644
61,"Hüntwangen",266,27.7,10.4135338345865
62,"Kloten",35980,915.3,2.54391328515842
63,"Lufingen",332,4.1,1.23493975903614
64,"Nürensdorf",996,11.4,1.14457831325301
65,"Oberembrach",246,7.4,3.00813008130081
66,"Opfikon",19923,323.4,1.62324951061587
67,"Rafz",1392,86,6.17816091954023
68,"Rorbas",487,1.6,0.328542094455852
69,"Wallisellen",15759,238.7,1.51469001840218
70,"Wasterkingen",77,9.8,12.7272727272727
71,"Wil (ZH)",497,41.5,8.35010060362173
72,"Winkel",778,7.8,1.0025706940874
81,"Bachs",257,0.9,0.350194552529183
82,"Boppelsen",199,0.9,0.452261306532663
83,"Buchs (ZH)",2150,43.3,2.01395348837209
84,"Dällikon",2482,25.6,1.03142626913779
85,"Dänikon",410,1.8,0.439024390243902
86,"Dielsdorf",3862,81.3,2.10512687726567
87,"Hüttikon",128,0,0
88,"Neerach",618,10.7,1.73139158576052
89,"Niederglatt",1334,49.1,3.68065967016492
90,"Niederhasli",2298,28.6,1.24456048738033
91,"Niederweningen",864,55.8,6.45833333333333
92,"Oberglatt",1272,21.7,1.7059748427673
93,"Oberweningen",327,5.9,1.80428134556575
94,"Otelfingen",2945,60.1,2.04074702886248
95,"Regensberg",213,4.4,2.06572769953052
96,"Regensdorf",10639,201.5,1.89397499765016
97,"Rümlang",5874,99,1.68539325842697
98,"Schleinikon",137,0,0
99,"Schöfflisdorf",359,7.4,2.06128133704735
100,"Stadel",574,16.2,2.82229965156794
101,"Steinmaur",732,6.4,0.87431693989071
102,"Weiach",242,23,9.50413223140496
111,"Bäretswil",1526,3.8,0.249017038007864
112,"Bubikon",3192,8.5,0.266290726817043
113,"Dürnten",1800,0.8,0.0444444444444444
114,"Fischenthal",747,0,0
115,"Gossau (ZH)",2723,2.3,0.0844656628718325
116,"Grüningen",1657,4.1,0.247435123717562
117,"Hinwil",6630,13.2,0.199095022624434
118,"Rüti (ZH)",4554,9.9,0.217391304347826
119,"Seegräben",547,0.7,0.127970749542962
120,"Wald (ZH)",3367,51.5,1.52955152955153
121,"Wetzikon (ZH)",13495,34.4,0.254909225639126
131,"Adliswil",8061,59.3,0.735640739362362
132,"Hirzel",633,0.9,0.14218009478673
133,"Horgen",9362,25.4,0.271309549241615
134,"Hütten",231,0,0
135,"Kilchberg (ZH)",4070,10.8,0.265356265356265
136,"Langnau am Albis",1541,4.4,0.285528877352369
137,"Oberrieden",1209,4.7,0.388751033912324
138,"Richterswil",3756,14.7,0.391373801916933
139,"Rüschlikon",3016,6.7,0.222148541114058
140,"Schönenberg (ZH)",542,0.9,0.166051660516605
141,"Thalwil",6801,18.2,0.267607704749302
142,"Wädenswil",8886,19.7,0.221697051541751
151,"Erlenbach (ZH)",2067,9.1,0.440251572327044
152,"Herrliberg",1262,4.7,0.372424722662441
153,"Hombrechtikon",3001,8.7,0.289903365544818
154,"Küsnacht (ZH)",6185,13.7,0.221503637833468
155,"Männedorf",4756,17,0.35744322960471
156,"Meilen",6124,21.8,0.355976485956891
157,"Oetwil am See",2064,6.2,0.300387596899225
158,"Stäfa",5787,14.4,0.248833592534992
159,"Uetikon am See",1548,2,0.129198966408269
160,"Zumikon",1554,2.9,0.186615186615187
161,"Zollikon",6131,17.7,0.288696786821073
172,"Fehraltorf",3813,43,1.1277209546289
173,"Hittnau",832,0.5,0.0600961538461538
176,"Lindau",2380,34.8,1.46218487394958
177,"Pfäffikon",5021,23.2,0.462059350726947
178,"Russikon",1206,8.1,0.671641791044776
180,"Weisslingen",846,3.6,0.425531914893617
181,"Wila",605,0.9,0.148760330578512
182,"Wildberg",222,1.3,0.585585585585586
191,"Dübendorf",20338,204.9,1.0074736945619
192,"Egg",2457,12.7,0.516890516890517
193,"Fällanden",2946,17.7,0.60081466395112
194,"Greifensee",1694,9.3,0.548996458087367
195,"Maur",2260,3.8,0.168141592920354
196,"Mönchaltorf",1391,10.1,0.726096333572969
197,"Schwerzenbach",3044,34.4,1.13009198423127
198,"Uster",16324,48.8,0.298946336682186
199,"Volketswil",10937,69.6,0.636371948431928
200,"Wangen-Brüttisellen",5571,58.4,1.04828576557171
211,"Altikon",151,0,0
213,"Brütten",344,2.5,0.726744186046512
214,"Dägerlen",281,4,1.42348754448399
215,"Dättlikon",115,0,0
216,"Dinhard",336,0.9,0.267857142857143
217,"Elgg",1511,18.8,1.24420913302449
218,"Ellikon an der Thur",651,14.9,2.28878648233487
219,"Elsau",1331,19.4,1.45755071374906
220,"Hagenbuch",242,0,0
221,"Hettlingen",642,15,2.33644859813084
222,"Hofstetten (ZH)",125,0,0
223,"Neftenbach",1621,23.7,1.46206045650833
224,"Pfungen",1050,22,2.0952380952381
225,"Rickenbach (ZH)",474,1.7,0.358649789029536
226,"Schlatt (ZH)",142,0,0
227,"Seuzach",2666,31.1,1.16654163540885
228,"Turbenthal",1517,5.3,0.34937376400791
230,"Winterthur",66333,967.5,1.45855004296504
231,"Zell (ZH)",1409,7.1,0.503903477643719
241,"Aesch (ZH)",340,1.4,0.411764705882353
242,"Birmensdorf (ZH)",2154,6.6,0.306406685236769
243,"Dietikon",17438,141.4,0.810872806514509
244,"Geroldswil",2052,24.7,1.2037037037037
245,"Oberengstringen",1117,2.5,0.223813786929275
246,"Oetwil an der Limmat",271,0.8,0.29520295202952
247,"Schlieren",15844,216.6,1.36707902044938
248,"Uitikon",972,3,0.308641975308642
249,"Unterengstringen",970,5.9,0.608247422680412
250,"Urdorf",6607,58.7,0.888451642197669
251,"Weiningen (ZH)",1425,11.1,0.778947368421053
261,"Zürich",455558,3392.7,0.744735028251068
174,"Illnau-Effretikon",6791,66,0.971874539832131
171,"Bauma",1669,2.6,0.155781905332534
229,"Wiesendangen",1102,11.2,1.01633393829401
301,"Aarberg",2783,2.4,0.0862378727991376
302,"Bargen (BE)",336,0,0
303,"Grossaffoltern",638,0,0
304,"Kallnach",884,1.3,0.147058823529412
305,"Kappelen",579,0,0
306,"Lyss",7779,10.2,0.131122252217509
307,"Meikirch",506,0,0
309,"Radelfingen",260,0,0
310,"Rapperswil (BE)",880,1.4,0.159090909090909
311,"Schüpfen",1258,5.9,0.468998410174881
312,"Seedorf (BE)",1222,1.1,0.0900163666121113
321,"Aarwangen",1595,2.7,0.169278996865204
322,"Auswil",158,0,0
323,"Bannwil",182,9.8,5.38461538461539
324,"Bleienbach",651,2.7,0.414746543778802
325,"Busswil bei Melchnau",40,0,0
326,"Gondiswil",246,0,0
329,"Langenthal",12415,56.4,0.454289166331051
331,"Lotzwil",926,2.7,0.291576673866091
332,"Madiswil",1234,0,0
333,"Melchnau",727,0,0
334,"Obersteckholz",98,0,0
335,"Oeschenbach",114,0,0
336,"Reisiswil",58,0,0
337,"Roggwil (BE)",1376,7.2,0.523255813953488
338,"Rohrbach",533,0.5,0.0938086303939962
339,"Rohrbachgraben",149,0,0
340,"Rütschelen",90,0,0
341,"Schwarzhäusern",84,3.2,3.80952380952381
342,"Thunstetten",1648,12.3,0.746359223300971
344,"Ursenbach",417,0,0
345,"Wynau",567,47.5,8.37742504409171
351,"Bern",184581,318.8,0.172715501595505
352,"Bolligen",1774,1.6,0.0901916572717024
353,"Bremgarten bei Bern",609,0,0
354,"Kirchlindach",780,0,0
355,"Köniz",21848,19,0.0869644818747712
356,"Muri bei Bern",9542,8.7,0.0911758541186334
357,"Oberbalm",295,0,0
358,"Stettlen",601,0.9,0.149750415973378
359,"Vechigen",1327,0.9,0.0678221552373775
360,"Wohlen bei Bern",1945,0,0
361,"Zollikofen",6254,11.9,0.19027822193796
362,"Ittigen",10479,17.2,0.16413779940834
363,"Ostermundigen",7008,8.5,0.1212899543379
371,"Biel/Bienne",39347,204.4,0.519480519480519
372,"Evilard",325,0,0
381,"Arch",598,0.9,0.150501672240803
382,"Büetigen",120,0,0
383,"Büren an der Aare",1893,6.4,0.338087691494982
385,"Diessbach bei Büren",264,0,0
386,"Dotzigen",728,0,0
387,"Lengnau (BE)",1653,7.2,0.43557168784029
388,"Leuzigen",280,0,0
389,"Meienried",22,0,0
390,"Meinisberg",229,0,0
391,"Oberwil bei Büren",209,0.8,0.382775119617225
392,"Pieterlen",1274,0.6,0.0470957613814757
393,"Rüti bei Büren",527,0.6,0.113851992409867
394,"Wengi",144,0,0
401,"Aefligen",235,0,0
402,"Alchenstorf",115,0,0
403,"Bäriswil",171,0,0
404,"Burgdorf",13174,22.4,0.170031880977683
405,"Ersigen",440,0,0
406,"Hasle bei Burgdorf",1110,0.9,0.0810810810810811
407,"Heimiswil",512,0,0
408,"Hellsau",123,0,0
409,"Hindelbank",894,0,0
410,"Höchstetten",98,0,0
411,"Kernenried",123,0,0
412,"Kirchberg (BE)",3072,14.1,0.458984375
413,"Koppigen",921,0,0
414,"Krauchthal",532,0.9,0.169172932330827
415,"Lyssach",1379,2.4,0.174039158810732
416,"Mötschwil",42,0,0
418,"Oberburg",1209,0.6,0.0496277915632754
420,"Rüdtligen-Alchenflüh",1042,0,0
421,"Rumendingen",137,0,0
422,"Rüti bei Lyssach",25,0,0
423,"Willadingen",43,0,0
424,"Wynigen",708,0,0
431,"Corgémont",711,13.8,1.94092827004219
432,"Cormoret",105,0,0
433,"Cortébert",197,0.9,0.456852791878173
434,"Courtelary",685,23,3.35766423357664
435,"La Ferrière",263,12.9,4.90494296577947
437,"Mont-Tramelan",48,0,0
438,"Orvin",465,5.5,1.18279569892473
441,"Renan (BE)",267,6.9,2.58426966292135
442,"Romont (BE)",33,0,0
443,"Saint-Imier",3222,182.5,5.66418373680944
444,"Sonceboz-Sombeval",1613,591.3,36.6584004959702
445,"Sonvilier",300,3.1,1.03333333333333
446,"Tramelan",2229,240.7,10.7985643786451
448,"Villeret",735,249.3,33.9183673469388
449,"Sauge",155,0,0
450,"Péry-La Heutte",429,0,0
491,"Brüttelen",308,0,0
492,"Erlach",470,0,0
493,"Finsterhennen",146,0,0
494,"Gals",596,8.8,1.47651006711409
495,"Gampelen",506,2.9,0.573122529644269
496,"Ins",1692,7.2,0.425531914893617
497,"Lüscherz",140,0,0
498,"Müntschemier",933,0.6,0.0643086816720257
499,"Siselen",258,0,0
500,"Treiten",160,0,0
501,"Tschugg",404,0,0
502,"Vinelz",179,0,0
533,"Bätterkinden",905,0,0
535,"Deisswil bei Münchenbuchsee",190,0.9,0.473684210526316
536,"Diemerswil",73,0,0
538,"Fraubrunnen",517,0.6,0.11605415860735
540,"Jegenstorf",1916,0,0
541,"Iffwil",140,0,0
543,"Mattstetten",202,0,0
544,"Moosseedorf",5086,14.7,0.289028706252458
546,"Münchenbuchsee",5322,6.5,0.122134535888764
551,"Urtenen-Schönbühl",3316,5.9,0.177925211097708
552,"Utzenstorf",1927,4.3,0.223144784639336
553,"Wiggiswil",45,0,0
554,"Wiler bei Utzenstorf",385,1.8,0.467532467532468
556,"Zielebach",47,0,0
557,"Zuzwil (BE)",74,0,0
561,"Adelboden",2446,0.7,0.0286181520850368
562,"Aeschi bei Spiez",890,0.9,0.101123595505618
563,"Frutigen",4241,1.8,0.0424428200896015
564,"Kandergrund",274,0,0
565,"Kandersteg",712,0,0
566,"Krattigen",280,0,0
567,"Reichenbach im Kandertal",1424,0,0
571,"Beatenberg",518,0.7,0.135135135135135
572,"Bönigen",641,0,0
573,"Brienz (BE)",1509,0.8,0.0530152418820411
574,"Brienzwiler",128,0,0
575,"Därligen",68,0,0
576,"Grindelwald",3119,0,0
577,"Gsteigwiler",184,0,0
578,"Gündlischwand",115,0,0
579,"Habkern",249,0,0
580,"Hofstetten bei Brienz",272,0,0
581,"Interlaken",6654,1,0.0150285542530809
582,"Iseltwald",231,0,0
584,"Lauterbrunnen",2367,0.9,0.0380228136882129
585,"Leissigen",289,0.7,0.242214532871972
586,"Lütschental",73,0,0
587,"Matten bei Interlaken",961,0,0
588,"Niederried bei Interlaken",37,0,0
589,"Oberried am Brienzersee",82,0.3,0.365853658536585
590,"Ringgenberg (BE)",714,0,0
591,"Saxeten",34,0,0
592,"Schwanden bei Brienz",61,0,0
593,"Unterseen",2843,1.3,0.0457263454097784
594,"Wilderswil",1055,0,0
602,"Arni (BE)",256,0,0
603,"Biglen",695,0,0
605,"Bowil",387,0,0
606,"Brenzikofen",90,0.9,1
607,"Freimettigen",83,0,0
608,"Grosshöchstetten",1380,0.5,0.036231884057971
609,"Häutligen",77,0,0
610,"Herbligen",165,0,0
611,"Kiesen",398,0,0
612,"Konolfingen",2980,3.1,0.104026845637584
613,"Landiswil",279,0,0
614,"Linden",547,0.9,0.164533820840951
615,"Mirchel",142,0,0
616,"Münsingen",6384,6.8,0.106516290726817
617,"Niederhünigen",127,0,0
619,"Oberdiessbach",1712,0,0
620,"Oberthal",352,0,0
622,"Oppligen",192,0,0
623,"Rubigen",1171,0.5,0.0426985482493595
624,"Schlosswil",166,0,0
625,"Tägertschi",131,0,0
626,"Walkringen",952,0,0
627,"Worb",4030,0.8,0.0198511166253102
628,"Zäziwil",467,0,0
629,"Oberhünigen",77,0,0
630,"Allmendingen",228,0,0
632,"Wichtrach",1126,0,0
661,"Clavaleyres",24,0,0
662,"Ferenbalm",350,0,0
663,"Frauenkappelen",564,4.3,0.76241134751773
664,"Golaten",172,0,0
665,"Gurbrü",146,0,0
666,"Kriechenwil",104,0,0
667,"Laupen",1222,0.9,0.0736497545008183
668,"Mühleberg",1301,0,0
669,"Münchenwiler",187,0,0
670,"Neuenegg",1771,2.5,0.141163184641446
671,"Wileroltigen",82,0,0
681,"Belprahon",93,3.7,3.97849462365591
683,"Champoz",51,0,0
687,"Corcelles (BE)",61,0,0
690,"Court",723,10.1,1.3969571230982
691,"Crémines",235,5.6,2.38297872340426
692,"Eschert",131,0.9,0.687022900763359
694,"Grandval",73,0.9,1.23287671232877
696,"Loveresse",186,4.7,2.52688172043011
700,"Moutier",3908,157,4.01740020470829
701,"Perrefitte",91,0.9,0.989010989010989
703,"Reconvilier",879,31.7,3.60637087599545
704,"Roches (BE)",52,2.7,5.19230769230769
706,"Saicourt",390,12.2,3.12820512820513
707,"Saules (BE)",29,0.8,2.75862068965517
708,"Schelten",32,0,0
709,"Seehof",40,0,0
711,"Sorvilier",73,0,0
713,"Tavannes",1439,19.9,1.38290479499653
715,"Rebévelier",24,0,0
716,"Petit-Val",208,1.9,0.913461538461538
717,"Valbirse",1798,23.9,1.32925472747497
723,"La Neuveville",1544,30.1,1.94948186528497
724,"Nods",142,0,0
726,"Plateau de Diesse",517,7.7,1.48936170212766
731,"Aegerten",382,1.8,0.471204188481675
732,"Bellmund",311,0,0
733,"Brügg",3059,14,0.45766590389016
734,"Bühl",73,0,0
735,"Epsach",97,0,0
736,"Hagneck",72,0,0
737,"Hermrigen",81,0,0
738,"Jens",118,0,0
739,"Ipsach",769,0,0
740,"Ligerz",179,0,0
741,"Merzligen",40,0,0
742,"Mörigen",144,0,0
743,"Nidau",2842,8.4,0.295566502463054
744,"Orpund",713,0.9,0.126227208976157
745,"Port",1000,2.2,0.22
746,"Safnern",522,0.9,0.172413793103448
747,"Scheuren",122,0,0
748,"Schwadernau",191,0,0
749,"Studen (BE)",1645,4.8,0.291793313069909
750,"Sutz-Lattrigen",621,0.9,0.144927536231884
751,"Täuffelen",1033,1.8,0.174249757986447
754,"Walperswil",285,0,0
755,"Worben",819,0,0
756,"Twann-Tüscherz",384,0,0
761,"Därstetten",321,0,0
762,"Diemtigen",1285,0.8,0.0622568093385214
763,"Erlenbach im Simmental",738,0,0
766,"Oberwil im Simmental",336,0,0
767,"Reutigen",251,0,0
768,"Spiez",5236,8.9,0.169977081741788
769,"Wimmis",1142,1,0.0875656742556918
770,"Stocken-Höfen",219,0.7,0.319634703196347
782,"Guttannen",226,0,0
783,"Hasliberg",831,0,0
784,"Innertkirchen",570,0,0
785,"Meiringen",2729,2.3,0.084279956027849
786,"Schattenhalb",599,0,0
791,"Boltigen",495,0,0
792,"Lenk",1828,0,0
793,"St. Stephan",635,1.6,0.251968503937008
794,"Zweisimmen",1682,0,0
841,"Gsteig",414,0.5,0.120772946859903
842,"Lauenen",372,0,0
843,"Saanen",6766,13.4,0.198049068873781
852,"Guggisberg",591,0,0
853,"Rüschegg",444,0,0
855,"Schwarzenburg",2946,0,0
861,"Belp",5160,8.9,0.172480620155039
863,"Burgistein",368,0,0
865,"Gelterfingen",80,0,0
866,"Gerzensee",318,0.7,0.220125786163522
867,"Gurzelen",192,0,0
868,"Jaberg",65,0,0
869,"Kaufdorf",160,0,0
870,"Kehrsatz",1076,0,0
872,"Kirchdorf (BE)",312,0,0
873,"Kirchenthurnen",70,0,0
874,"Lohnstorf",74,0,0
875,"Mühledorf (BE)",57,0,0
876,"Mühlethurnen",279,0,0
877,"Niedermuhlern",155,0,0
878,"Noflen",116,0,0
879,"Riggisberg",1596,0,0
880,"Rüeggisberg",655,0.6,0.0916030534351145
881,"Rümligen",125,0,0
883,"Seftigen",558,0,0
884,"Toffen",478,0,0
885,"Uttigen",283,0,0
886,"Wattenwil",996,0,0
888,"Wald (BE)",487,0,0
901,"Eggiwil",1357,0,0
902,"Langnau im Emmental",5984,4.3,0.0718582887700535
903,"Lauperswil",1336,0,0
904,"Röthenbach im Emmental",570,0,0
905,"Rüderswil",819,0,0
906,"Schangnau",544,0,0
907,"Signau",1021,0,0
908,"Trub",669,0,0
909,"Trubschachen",1086,0.9,0.0828729281767956
921,"Amsoldingen",158,0,0
922,"Blumenstein",370,0,0
923,"Buchholterberg",515,0,0
924,"Eriz",179,0,0
925,"Fahrni",197,0,0
927,"Heiligenschwendi",504,1.7,0.337301587301587
928,"Heimberg",2475,0,0
929,"Hilterfingen",953,0.5,0.0524658971668416
931,"Homberg",164,0,0
932,"Horrenbach-Buchen",102,0,0
934,"Oberhofen am Thunersee",776,0.8,0.103092783505155
935,"Oberlangenegg",246,0,0
936,"Pohlern",73,0,0
937,"Schwendibach",60,0,0
938,"Sigriswil",1693,0.7,0.0413467217956291
939,"Steffisburg",6081,1.5,0.0246669955599408
940,"Teuffenthal (BE)",81,0,0
941,"Thierachern",395,0,0
942,"Thun",28771,13.7,0.0476173925132946
943,"Uebeschi",162,0,0
944,"Uetendorf",2969,1.7,0.0572583361401145
945,"Unterlangenegg",345,0,0
946,"Wachseldorn",76,0,0
947,"Zwieselberg",55,0,0
948,"Forst-Längenbühl",184,0,0
951,"Affoltern im Emmental",556,0,0
952,"Dürrenroth",402,0,0
953,"Eriswil",483,0,0
954,"Huttwil",3145,13.9,0.441971383147854
955,"Lützelflüh",1652,0,0
956,"Rüegsau",1267,0.8,0.0631412786108919
957,"Sumiswald",3019,0.8,0.0264988406757204
958,"Trachselwald",374,0,0
959,"Walterswil (BE)",205,0,0
960,"Wyssachen",481,0,0
971,"Attiswil",378,0.8,0.211640211640212
972,"Berken",46,0,0
973,"Bettenhausen",124,0,0
975,"Farnern",59,0,0
976,"Graben",61,0,0
977,"Heimenhausen",169,0,0
979,"Herzogenbuchsee",3621,9.6,0.265120132560066
980,"Inkwil",131,0,0
981,"Niederbipp",2851,97.7,3.42686776569625
982,"Niederönz",776,5.3,0.68298969072165
983,"Oberbipp",864,2.7,0.3125
985,"Ochlenberg",194,0,0
987,"Rumisberg",74,0,0
988,"Seeberg",436,0,0
989,"Thörigen",391,0,0
990,"Walliswil bei Niederbipp",78,0,0
991,"Walliswil bei Wangen",98,0,0
992,"Wangen an der Aare",1309,0.7,0.053475935828877
993,"Wangenried",112,0,0
995,"Wiedlisbach",1223,0,0
996,"Wolfisberg",37,0,0
1001,"Doppleschwand",227,0,0
1002,"Entlebuch",1625,0,0
1004,"Flühli",1016,0,0
1005,"Hasle (LU)",791,1.8,0.2275600505689
1007,"Romoos",318,0,0
1008,"Schüpfheim",2476,1.7,0.0686591276252019
1009,"Werthenstein",1659,3.5,0.210970464135021
1010,"Escholzmatt-Marbach",2193,0.9,0.0410396716826265
1021,"Aesch (LU)",503,0.7,0.139165009940358
1022,"Altwis",169,0,0
1023,"Ballwil",1005,1.7,0.169154228855721
1024,"Emmen",15601,41.6,0.266649573745273
1025,"Ermensee",340,2.6,0.764705882352941
1026,"Eschenbach (LU)",1449,0.9,0.062111801242236
1030,"Hitzkirch",2636,2,0.0758725341426404
1031,"Hochdorf",4837,11.9,0.246020260492041
1032,"Hohenrain",1278,0,0
1033,"Inwil",963,1.5,0.155763239875389
1037,"Rain",769,0,0
1039,"Römerswil",582,0,0
1040,"Rothenburg",4622,5.2,0.11250540891389
1041,"Schongau",378,0.5,0.132275132275132
1051,"Adligenswil",1621,1.8,0.111042566317088
1052,"Buchrain",1888,3,0.158898305084746
1053,"Dierikon",1956,2.1,0.107361963190184
1054,"Ebikon",6566,10.1,0.153822723119098
1055,"Gisikon",500,2.7,0.54
1056,"Greppen",160,0,0
1057,"Honau",129,0.8,0.62015503875969
1058,"Horw",5258,9.2,0.174971472042602
1059,"Kriens",11846,10.7,0.0903258483876414
1061,"Luzern",78934,126.5,0.160260470773051
1062,"Malters",3375,2.4,0.0711111111111111
1063,"Meggen",2336,4.3,0.184075342465753
1064,"Meierskappel",439,0,0
1065,"Root",4016,12.3,0.306274900398406
1066,"Schwarzenberg",426,1.2,0.28169014084507
1067,"Udligenswil",399,0,0
1068,"Vitznau",534,0.9,0.168539325842697
1069,"Weggis",2108,0.8,0.0379506641366224
1081,"Beromünster",2714,3.4,0.125276344878408
1082,"Büron",1026,5.8,0.565302144249513
1083,"Buttisholz",1620,1.7,0.104938271604938
1084,"Eich",661,0,0
1085,"Geuensee",925,2.4,0.259459459459459
1086,"Grosswangen",1264,2.3,0.181962025316456
1088,"Hildisrieden",553,0.8,0.144665461121157
1089,"Knutwil",750,0,0
1091,"Mauensee",337,0,0
1093,"Neuenkirch",2425,9.4,0.387628865979381
1094,"Nottwil",2336,6.8,0.291095890410959
1095,"Oberkirch",2502,2.7,0.107913669064748
1097,"Rickenbach (LU)",1273,3.8,0.298507462686567
1098,"Ruswil",2947,1.8,0.0610790634543604
1099,"Schenkon",893,1.9,0.212765957446809
1100,"Schlierbach",164,0,0
1102,"Sempach",1878,2.3,0.122470713525027
1103,"Sursee",13068,28.9,0.221150902969085
1104,"Triengen",3194,4.9,0.153412648716343
1107,"Wolhusen",2511,4.9,0.195141377937077
1121,"Alberswil",158,0,0
1122,"Altbüron",509,1.7,0.333988212180747
1123,"Altishofen",2180,11.6,0.532110091743119
1125,"Dagmersellen",3483,9.2,0.264140109101349
1126,"Ebersecken",188,0,0
1127,"Egolzwil",506,0,0
1128,"Ettiswil",873,0.8,0.0916380297823597
1129,"Fischbach",205,0,0
1130,"Gettnau",491,0.6,0.122199592668024
1131,"Grossdietwil",373,1.5,0.402144772117962
1132,"Hergiswil bei Willisau",851,0,0
1135,"Luthern",713,0,0
1136,"Menznau",1510,0.5,0.033112582781457
1137,"Nebikon",1109,4.1,0.369702434625789
1139,"Pfaffnau",1434,1.5,0.104602510460251
1140,"Reiden",3667,18.6,0.507226615762204
1142,"Roggliswil",259,0.7,0.27027027027027
1143,"Schötz",1604,2.3,0.143391521197007
1145,"Ufhusen",332,0,0
1146,"Wauwil",634,0,0
1147,"Wikon",818,4.6,0.562347188264059
1150,"Zell (LU)",1431,0.6,0.0419287211740042
1151,"Willisau",4857,1.4,0.0288243771875643
1201,"Altdorf (UR)",6672,27.7,0.415167865707434
1202,"Andermatt",1144,5.2,0.454545454545455
1203,"Attinghausen",366,1.6,0.437158469945355
1204,"Bauen",57,0,0
1205,"Bürglen (UR)",2154,0,0
1206,"Erstfeld",1369,0.9,0.0657414170927684
1207,"Flüelen",824,2.7,0.327669902912621
1208,"Göschenen",200,0,0
1209,"Gurtnellen",214,0,0
1210,"Hospental",48,0,0
1211,"Isenthal",217,0,0
1212,"Realp",56,0,0
1213,"Schattdorf",2621,3.3,0.125906142693628
1214,"Seedorf (UR)",623,0,0
1215,"Seelisberg",242,0,0
1216,"Silenen",502,0,0
1217,"Sisikon",95,0,0
1218,"Spiringen",285,0,0
1219,"Unterschächen",221,0,0
1220,"Wassen",237,0,0
1301,"Einsiedeln",6587,6.1,0.0926066494610596
1311,"Gersau",620,0.5,0.0806451612903226
1321,"Feusisberg",3040,43.3,1.42434210526316
1322,"Freienbach",13949,71.2,0.510430855258441
1323,"Wollerau",3901,64.6,1.65598564470649
1331,"Küssnacht (SZ)",6813,22.4,0.328783208571848
1341,"Altendorf",3627,12.8,0.352908740005514
1342,"Galgenen",1189,5.1,0.428931875525652
1343,"Innerthal",44,0,0
1344,"Lachen",4683,18.6,0.397181294042281
1345,"Reichenburg",1104,0.8,0.072463768115942
1346,"Schübelbach",2792,5.1,0.182664756446991
1347,"Tuggen",1354,2.4,0.17725258493353
1348,"Vorderthal",320,0,0
1349,"Wangen (SZ)",1619,3.5,0.216182828906733
1361,"Alpthal",182,0,0
1362,"Arth",3713,18.7,0.50363587395637
1363,"Illgau",215,0,0
1364,"Ingenbohl",3444,4,0.116144018583043
1365,"Lauerz",237,0,0
1366,"Morschach",776,0.7,0.0902061855670103
1367,"Muotathal",1456,0,0
1368,"Oberiberg",445,0,0
1369,"Riemenstalden",51,0,0
1370,"Rothenthurm",937,0,0
1371,"Sattel",569,0.6,0.105448154657293
1372,"Schwyz",12033,10.7,0.0889221308069476
1373,"Steinen",1172,0.9,0.0767918088737201
1374,"Steinerberg",342,1.6,0.467836257309942
1375,"Unteriberg",903,4.4,0.487264673311185
1401,"Alpnach",2917,41.1,1.40898183064793
1402,"Engelberg",2544,3.1,0.12185534591195
1403,"Giswil",1317,1.3,0.0987091875474563
1404,"Kerns",2506,10.4,0.415003990422985
1405,"Lungern",1184,1.9,0.160472972972973
1406,"Sachseln",3011,2,0.0664231152441049
1407,"Sarnen",8051,36.4,0.452117749347907
1501,"Beckenried",1136,1.3,0.11443661971831
1502,"Buochs",1953,1.4,0.0716845878136201
1503,"Dallenwil",770,0,0
1504,"Emmetten",361,0,0
1505,"Ennetbürgen",1449,0.8,0.0552104899930987
1506,"Ennetmoos",602,0.4,0.0664451827242525
1507,"Hergiswil (NW)",3495,34.1,0.975679542203147
1508,"Oberdorf (NW)",1224,0.7,0.0571895424836601
1509,"Stans",9226,12.7,0.137654454801648
1510,"Stansstad",2172,6.2,0.285451197053407
1511,"Wolfenschiessen",855,0,0
1630,"Glarus Nord",8308,19.2,0.231102551757342
1631,"Glarus Süd",4874,15.9,0.326220763233484
1632,"Glarus",8367,27,0.322696306920043
1701,"Baar",22521,149.7,0.664712934594379
1702,"Cham",10000,94.2,0.942
1703,"Hünenberg",6674,61.4,0.919988013185496
1704,"Menzingen",1760,6.1,0.346590909090909
1705,"Neuheim",1036,4.6,0.444015444015444
1706,"Oberägeri",1857,1.7,0.0915455035002692
1707,"Risch",9492,78.2,0.823851664559629
1708,"Steinhausen",8279,22.7,0.274187703828965
1709,"Unterägeri",3118,5.7,0.182809493264913
1710,"Walchwil",1064,4.6,0.432330827067669
1711,"Zug",39614,304.8,0.769424950774979
2004,"Bussy (FR)",265,3.9,1.47169811320755
2005,"Châbles",126,0.8,0.634920634920635
2008,"Châtillon (FR)",53,0,0
2009,"Cheiry",89,0,0
2010,"Cheyres",177,3.1,1.75141242937853
2011,"Cugy (FR)",344,2.5,0.726744186046512
2015,"Estavayer-le-Lac",3392,32.8,0.966981132075472
2016,"Fétigny",327,3.2,0.978593272171254
2022,"Gletterens",214,0,0
2025,"Lully (FR)",308,0,0
2027,"Ménières",103,0,0
2029,"Montagny (FR)",473,0,0
2033,"Morens (FR)",40,0,0
2034,"Murist",174,0,0
2035,"Nuvilly",191,20,10.4712041884817
2038,"Prévondavaux",19,0,0
2039,"Rueyres-les-Prés",94,0,0
2041,"Saint-Aubin (FR)",479,1.5,0.313152400835073
2043,"Sévaz",187,9.4,5.02673796791444
2044,"Surpierre",63,0,0
2045,"Vallon",62,0.8,1.29032258064516
2047,"Villeneuve (FR)",68,0,0
2049,"Vuissens",38,0.7,1.84210526315789
2050,"Les Montets",318,3.8,1.19496855345912
2051,"Delley-Portalban",156,0.7,0.448717948717949
2052,"Vernay",271,5.7,2.10332103321033
2053,"Belmont-Broye",2545,25.8,1.01375245579568
2061,"Auboranges",47,0,0
2063,"Billens-Hennens",356,0,0
2066,"Chapelle (Glâne)",42,0,0
2067,"Le Châtelard",118,0,0
2068,"Châtonnaye",156,0,0
2072,"Ecublens (FR)",68,0,0
2079,"Grangettes",64,0,0
2086,"Massonnens",100,0,0
2087,"Mézières (FR)",253,0,0
2089,"Montet (Glâne)",29,0,0
2096,"Romont (FR)",3339,9.8,0.293501048218029
2097,"Rue",236,0,0
2099,"Siviriez",633,0,0
2102,"Ursy",914,0.8,0.087527352297593
2111,"Villaz-Saint-Pierre",451,0,0
2113,"Vuisternens-devant-Romont",623,0,0
2114,"Villorsonnens",362,1.8,0.497237569060774
2115,"Torny",128,0,0
2116,"La Folliaz",169,0.8,0.473372781065089
2121,"Haut-Intyamon",373,0,0
2122,"Pont-en-Ogoz",345,0.8,0.231884057971014
2123,"Botterens",149,0.9,0.604026845637584
2124,"Broc",880,1.8,0.204545454545455
2125,"Bulle",13727,80.3,0.584978509506811
2128,"Châtel-sur-Montsalvens",29,0,0
2129,"Corbières",166,0.8,0.481927710843374
2130,"Crésuz",25,0,0
2131,"Echarlens",125,0,0
2134,"Grandvillard",159,0,0
2135,"Gruyères",1024,0,0
2137,"Hauteville",90,0.6,0.666666666666667
2138,"Jaun",234,0,0
2140,"Marsens",941,5.6,0.595111583421892
2143,"Morlon",156,0.9,0.576923076923077
2145,"Le Pâquier (FR)",215,0,0
2147,"Pont-la-Ville",110,0,0
2148,"Riaz",1192,9.3,0.780201342281879
2149,"La Roche",559,0.6,0.107334525939177
2152,"Sâles",746,2.3,0.308310991957105
2153,"Sorens",304,0.7,0.230263157894737
2155,"Vaulruz",512,1.9,0.37109375
2160,"Vuadens",596,2.6,0.436241610738255
2162,"Bas-Intyamon",357,2,0.560224089635854
2163,"Val-de-Charmey",974,2.9,0.297741273100616
2171,"Arconciel",92,0,0
2173,"Autigny",107,0,0
2174,"Avry",1394,1.5,0.107604017216643
2175,"Belfaux",550,2,0.363636363636364
2177,"Chénens",178,0,0
2179,"Chésopelloz",39,0,0
2183,"Corminboeuf",632,3.6,0.569620253164557
2185,"Corserey",64,0.7,1.09375
2186,"Cottens (FR)",336,0.7,0.208333333333333
2189,"Ependes (FR)",229,0.7,0.305676855895196
2194,"Ferpicloz",93,0,0
2196,"Fribourg",32888,127.6,0.387983459012406
2197,"Givisiez",4566,11.9,0.260621988611476
2198,"Granges-Paccot",4452,10.8,0.242587601078167
2200,"Grolley",826,0.8,0.0968523002421307
2206,"Marly",2443,8.1,0.331559557920589
2208,"Matran",1210,11.4,0.942148760330578
2211,"Neyruz (FR)",252,0,0
2213,"Noréaz",154,0,0
2216,"Pierrafortscha",35,0,0
2217,"Ponthaux",121,0,0
2220,"Le Mouret",843,1.2,0.142348754448399
2221,"Prez-vers-Noréaz",187,3.7,1.97860962566845
2225,"Senèdes",15,0,0
2226,"Treyvaux",430,0,0
2228,"Villars-sur-Glâne",9033,29.6,0.327687368537584
2230,"Villarsel-sur-Marly",14,0,0
2233,"Hauterive (FR)",1225,3,0.244897959183673
2234,"La Brillaz",220,0,0
2235,"La Sonnaz",207,1,0.483091787439614
2236,"Gibloux",2243,8,0.356665180561748
2243,"Barberêche",164,0,0
2250,"Courgevaux",612,0.8,0.130718954248366
2254,"Courtepin",2148,5.7,0.26536312849162
2257,"Cressier (FR)",639,3,0.469483568075117
2258,"Fräschels",93,0,0
2259,"Galmiz",129,0,0
2260,"Gempenach",82,0,0
2261,"Greng",54,0.7,1.2962962962963
2262,"Gurmels",812,2.1,0.258620689655172
2265,"Kerzers",2498,11,0.44035228182546
2266,"Kleinbösingen",103,0,0
2271,"Meyriez",137,0,0
2272,"Misery-Courtion",372,0,0
2274,"Muntelier",419,1.9,0.45346062052506
2275,"Murten",4164,16.9,0.405859750240154
2276,"Ried bei Kerzers",701,0.4,0.0570613409415121
2278,"Ulmiz",155,0,0
2279,"Villarepos",86,0,0
2283,"Wallenried",135,0,0
2284,"Mont-Vully",1153,3.3,0.28620988725065
2291,"Alterswil",545,0,0
2292,"Brünisried",68,0,0
2293,"Düdingen",3767,6.4,0.169896469338997
2294,"Giffers",413,0,0
2295,"Bösingen",1016,0.9,0.0885826771653543
2296,"Heitenried",316,0,0
2298,"Oberschrot",279,0,0
2299,"Plaffeien",1169,0.2,0.0171086398631309
2300,"Plasselb",155,0,0
2301,"Rechthalten",215,0,0
2302,"St. Antoni",583,0.7,0.120068610634648
2303,"St. Silvester",157,0,0
2304,"St. Ursen",376,0,0
2305,"Schmitten (FR)",1593,1.4,0.0878844946641557
2306,"Tafers",1770,0,0
2307,"Tentlingen",374,0,0
2308,"Ueberstorf",508,0.9,0.177165354330709
2309,"Wünnewil-Flamatt",2287,8.5,0.371665937909926
2310,"Zumholz",116,0,0
2321,"Attalens",708,1.6,0.225988700564972
2323,"Bossonnens",374,0.6,0.160427807486631
2325,"Châtel-Saint-Denis",3313,49.8,1.50316933293088
2328,"Granges (Veveyse)",200,1.8,0.9
2333,"Remaufens",241,0,0
2335,"Saint-Martin (FR)",204,0.9,0.441176470588235
2336,"Semsales",357,0.8,0.224089635854342
2337,"Le Flon",181,0,0
2338,"La Verrerie",275,0.8,0.290909090909091
2401,"Egerkingen",3351,75.8,2.26201133989854
2402,"Härkingen",3159,43.8,1.38651471984805
2403,"Kestenholz",575,1.5,0.260869565217391
2404,"Neuendorf",2030,14.1,0.694581280788177
2405,"Niederbuchsiten",639,5.1,0.798122065727699
2406,"Oberbuchsiten",666,2.5,0.375375375375375
2407,"Oensingen",5290,55,1.03969754253308
2408,"Wolfwil",627,12.1,1.92982456140351
2421,"Aedermannsdorf",183,0.9,0.491803278688525
2422,"Balsthal",2762,25.8,0.934105720492397
2423,"Gänsbrunnen",39,0,0
2424,"Herbetswil",133,0,0
2425,"Holderbank (SO)",217,4.5,2.07373271889401
2426,"Laupersdorf",447,2.3,0.514541387024608
2427,"Matzendorf",426,1.8,0.422535211267606
2428,"Mümliswil-Ramiswil",807,2,0.247831474597274
2429,"Welschenrohr",314,0.8,0.254777070063694
2445,"Biezwil",82,0,0
2455,"Lüterkofen-Ichertswil",165,0,0
2456,"Lüterswil-Gächliwil",179,0,0
2457,"Messen",411,0,0
2461,"Schnottwil",337,0.5,0.148367952522255
2463,"Unterramsern",60,0,0
2464,"Lüsslingen-Nennigkofen",498,0.2,0.0401606425702811
2465,"Buchegg",825,0,0
2471,"Bättwil",551,169.9,30.8348457350272
2472,"Büren (SO)",192,7.9,4.11458333333333
2473,"Dornach",2594,259,9.98457979953739
2474,"Gempen",565,47.9,8.47787610619469
2475,"Hochwald",288,7.4,2.56944444444444
2476,"Hofstetten-Flüh",506,76.4,15.098814229249
2477,"Metzerlen-Mariastein",269,21.5,7.99256505576208
2478,"Nuglar-St. Pantaleon",205,5.9,2.87804878048781
2479,"Rodersdorf",168,12,7.14285714285714
2480,"Seewen",268,10.1,3.76865671641791
2481,"Witterswil",460,84.1,18.2826086956522
2491,"Hauenstein-Ifenthal",69,0,0
2492,"Kienberg",113,0.8,0.707964601769912
2493,"Lostorf",825,3.1,0.375757575757576
2495,"Niedergösgen",1204,10,0.830564784053156
2497,"Obergösgen",429,0,0
2498,"Rohr (SO)",28,0,0
2499,"Stüsslingen",185,0,0
2500,"Trimbach",1835,7.5,0.408719346049046
2501,"Winznau",271,0,0
2502,"Wisen (SO)",76,0.7,0.921052631578947
2503,"Erlinsbach (SO)",672,4.3,0.639880952380952
2511,"Aeschi (SO)",209,0,0
2513,"Biberist",3148,5,0.158831003811944
2514,"Bolken",53,0,0
2516,"Deitingen",821,1.4,0.170523751522533
2517,"Derendingen",1760,14.6,0.829545454545454
2518,"Etziken",448,4.6,1.02678571428571
2519,"Gerlafingen",1547,5.6,0.361990950226244
2520,"Halten",152,0,0
2523,"Horriwil",199,0,0
2524,"Hüniken",11,0,0
2525,"Kriegstetten",416,0,0
2526,"Lohn-Ammannsegg",966,2.7,0.279503105590062
2527,"Luterbach",1073,8.3,0.773532152842498
2528,"Obergerlafingen",513,2.3,0.448343079922027
2529,"Oekingen",86,0,0
2530,"Recherswil",341,0,0
2532,"Subingen",2179,1.5,0.0688389169343736
2534,"Zuchwil",5181,24,0.463231036479444
2535,"Drei Höfe",159,0,0
2541,"Balm bei Günsberg",91,0,0
2542,"Bellach",2219,6.9,0.310950878774223
2543,"Bettlach",2087,10.1,0.483948251078103
2544,"Feldbrunnen-St. Niklaus",269,0.9,0.33457249070632
2545,"Flumenthal",355,0,0
2546,"Grenchen",10895,66,0.605782469022487
2547,"Günsberg",220,0,0
2548,"Hubersdorf",124,0,0
2549,"Kammersrohr",11,0,0
2550,"Langendorf",1392,1.5,0.107758620689655
2551,"Lommiswil",161,0.4,0.248447204968944
2553,"Oberdorf (SO)",471,3.1,0.658174097664544
2554,"Riedholz",394,0,0
2555,"Rüttenen",322,0,0
2556,"Selzach",1611,12.1,0.751086281812539
2571,"Boningen",217,0.9,0.414746543778802
2572,"Däniken",2303,27.7,1.202778983934
2573,"Dulliken",1178,11.4,0.967741935483871
2574,"Eppenberg-Wöschnau",271,0.8,0.29520295202952
2575,"Fulenbach",564,14.3,2.5354609929078
2576,"Gretzenbach",838,4.5,0.536992840095465
2578,"Gunzgen",769,10.9,1.41742522756827
2579,"Hägendorf",2988,94.3,3.15595716198126
2580,"Kappel (SO)",510,3.9,0.764705882352941
2581,"Olten",19302,158.9,0.823230753289815
2582,"Rickenbach (SO)",808,17.4,2.15346534653465
2583,"Schönenwerd",2373,49.1,2.06911083017278
2584,"Starrkirch-Wil",364,0,0
2585,"Walterswil (SO)",121,0,0
2586,"Wangen bei Olten",2623,13.7,0.522302706824247
2601,"Solothurn",20357,89.4,0.439160976568257
2611,"Bärschwil",146,3.6,2.46575342465753
2612,"Beinwil (SO)",130,1.9,1.46153846153846
2613,"Breitenbach",2046,128.7,6.29032258064516
2614,"Büsserach",628,41.2,6.56050955414013
2615,"Erschwil",452,5.6,1.23893805309735
2616,"Fehren",75,0,0
2617,"Grindel",56,0,0
2618,"Himmelried",125,0,0
2619,"Kleinlützel",421,49.2,11.686460807601
2620,"Meltingen",88,0.9,1.02272727272727
2621,"Nunningen",727,38.9,5.35075653370014
2622,"Zullwil",105,6.5,6.19047619047619
2701,"Basel",184739,34333.7,18.584976642723
2702,"Bettingen",519,50.9,9.80732177263969
2703,"Riehen",4797,593.5,12.3723160308526
2761,"Aesch (BL)",5063,916.4,18.0999407465929
2762,"Allschwil",10212,2757.5,27.0025460242852
2763,"Arlesheim",5678,873,15.3751320887636
2764,"Biel-Benken",976,151.5,15.5225409836066
2765,"Binningen",6634,500.8,7.54899005125113
2766,"Birsfelden",3893,903.9,23.2185974826612
2767,"Bottmingen",1637,380.8,23.2620647525962
2768,"Ettingen",1193,156.7,13.1349538977368
2769,"Münchenstein",10415,1770,16.9947191550648
2770,"Muttenz",12479,1980,15.8666559820498
2771,"Oberwil (BL)",3553,370,10.4137348719392
2772,"Pfeffingen",330,19.7,5.96969696969697
2773,"Reinach (BL)",12013,2142.1,17.8315158578207
2774,"Schönenbuch",385,61.2,15.8961038961039
2775,"Therwil",3013,332.5,11.0355127779622
2781,"Blauen",91,0.9,0.989010989010989
2782,"Brislach",334,13.4,4.01197604790419
2783,"Burg im Leimental",38,0.8,2.10526315789474
2784,"Dittingen",266,14.7,5.52631578947368
2785,"Duggingen",545,51.1,9.37614678899083
2786,"Grellingen",452,154.5,34.1814159292035
2787,"Laufen",3922,353,9.00050994390617
2788,"Liesberg",826,190.2,23.0266343825666
2789,"Nenzlingen",97,4.5,4.63917525773196
2790,"Roggenburg",63,0,0
2791,"Röschenz",235,8.8,3.74468085106383
2792,"Wahlen",167,2.4,1.43712574850299
2793,"Zwingen",968,130.1,13.4400826446281
2821,"Arisdorf",658,100.1,15.2127659574468
2822,"Augst",804,120.1,14.9378109452736
2823,"Bubendorf",2467,296.6,12.0226996351844
2824,"Frenkendorf",1830,258.4,14.120218579235
2825,"Füllinsdorf",1943,167.8,8.63612969634586
2826,"Giebenach",203,11.8,5.8128078817734
2827,"Hersberg",36,0.7,1.94444444444444
2828,"Lausen",1585,157.8,9.95583596214511
2829,"Liestal",16145,961,5.9523072158563
2830,"Lupsingen",149,5.5,3.69127516778524
2831,"Pratteln",13218,3156.2,23.8780450900287
2832,"Ramlinsburg",118,0.9,0.76271186440678
2833,"Seltisberg",216,10.4,4.81481481481481
2834,"Ziefen",424,17.9,4.22169811320755
2841,"Anwil",106,0.9,0.849056603773585
2842,"Böckten",553,25.3,4.5750452079566
2843,"Buckten",153,9.4,6.1437908496732
2844,"Buus",210,0.9,0.428571428571429
2845,"Diepflingen",171,1.4,0.818713450292398
2846,"Gelterkinden",2339,49.9,2.13339033775118
2847,"Häfelfingen",127,0,0
2848,"Hemmiken",56,0.5,0.892857142857143
2849,"Itingen",1141,60.9,5.33742331288343
2850,"Känerkinden",81,0,0
2851,"Kilchberg (BL)",20,0,0
2852,"Läufelfingen",380,8.1,2.13157894736842
2853,"Maisprach",249,8.5,3.4136546184739
2854,"Nusshof",72,6.2,8.61111111111111
2855,"Oltingen",150,0,0
2856,"Ormalingen",807,17.7,2.19330855018587
2857,"Rickenbach (BL)",110,2.5,2.27272727272727
2858,"Rothenfluh",176,4.1,2.32954545454545
2859,"Rümlingen",126,12,9.52380952380952
2860,"Rünenberg",148,4.5,3.04054054054054
2861,"Sissach",3966,190.2,4.79576399394856
2862,"Tecknau",171,7.1,4.15204678362573
2863,"Tenniken",346,55.3,15.9826589595376
2864,"Thürnen",284,8.8,3.09859154929577
2865,"Wenslingen",206,4.3,2.0873786407767
2866,"Wintersingen",148,1.7,1.14864864864865
2867,"Wittinsburg",137,0.8,0.583941605839416
2868,"Zeglingen",127,0,0
2869,"Zunzgen",511,28.4,5.55772994129159
2881,"Arboldswil",89,2.7,3.03370786516854
2882,"Bennwil",188,1.8,0.957446808510638
2883,"Bretzwil",160,0,0
2884,"Diegten",422,8.3,1.96682464454976
2885,"Eptingen",355,4.3,1.2112676056338
2886,"Hölstein",883,46.6,5.27746319365798
2887,"Lampenberg",81,0.8,0.987654320987654
2888,"Langenbruck",368,2.7,0.733695652173913
2889,"Lauwil",85,0,0
2890,"Liedertswil",82,3.4,4.14634146341463
2891,"Niederdorf",750,34.6,4.61333333333333
2892,"Oberdorf (BL)",830,67.8,8.16867469879518
2893,"Reigoldswil",506,7.3,1.44268774703557
2894,"Titterten",99,0.8,0.808080808080808
2895,"Waldenburg",696,24.1,3.46264367816092
2901,"Gächlingen",216,4.5,2.08333333333333
2903,"Löhningen",263,16,6.08365019011407
2904,"Neunkirch",847,85.3,10.0708382526564
2914,"Büttenhardt",71,2.1,2.95774647887324
2915,"Dörflingen",206,6.2,3.00970873786408
2917,"Lohn (SH)",169,2.7,1.59763313609467
2919,"Stetten (SH)",167,7.5,4.49101796407186
2920,"Thayngen",2620,430.2,16.4198473282443
2931,"Bargen (SH)",102,14.9,14.6078431372549
2932,"Beringen",2369,343.4,14.4955677501055
2933,"Buchberg",221,15.8,7.14932126696833
2936,"Merishausen",256,9.3,3.6328125
2937,"Neuhausen am Rheinfall",5864,536,9.14051841746248
2938,"Rüdlingen",182,37.2,20.4395604395604
2939,"Schaffhausen",25749,2605.5,10.1188395665851
2951,"Beggingen",132,1.3,0.984848484848485
2952,"Schleitheim",804,125.5,15.6094527363184
2953,"Siblingen",181,7.8,4.30939226519337
2961,"Buch (SH)",56,11.3,20.1785714285714
2962,"Hemishofen",91,4.1,4.50549450549451
2963,"Ramsen",916,203.8,22.2489082969432
2964,"Stein am Rhein",1713,174.9,10.2101576182137
2971,"Hallau",1000,97.8,9.78
2972,"Oberhallau",131,7.7,5.87786259541985
2973,"Trasadingen",240,60.5,25.2083333333333
2974,"Wilchingen",872,64.8,7.43119266055046
3001,"Herisau",9416,95.7,1.01635514018692
3002,"Hundwil",449,1.1,0.244988864142539
3003,"Schönengrund",151,0,0
3004,"Schwellbrunn",434,0,0
3005,"Stein (AR)",464,0,0
3006,"Urnäsch",973,2.5,0.25693730729702
3007,"Waldstatt",934,5.5,0.588865096359743
3021,"Bühler",678,4.3,0.634218289085546
3022,"Gais",1267,11.5,0.907655880031571
3023,"Speicher",1012,6.9,0.681818181818182
3024,"Teufen (AR)",2670,13.6,0.50936329588015
3025,"Trogen",880,6.7,0.761363636363636
3031,"Grub (AR)",290,0,0
3032,"Heiden",2946,52.2,1.77189409368635
3033,"Lutzenberg",288,8.4,2.91666666666667
3034,"Rehetobel",507,4.5,0.887573964497041
3035,"Reute (AR)",204,0,0
3036,"Wald (AR)",310,0,0
3037,"Walzenhausen",1270,81.3,6.40157480314961
3038,"Wolfhalden",800,39.4,4.925
3101,"Appenzell",4698,69.9,1.48786717752235
3102,"Gonten",621,0,0
3103,"Rüte",1071,9.5,0.887021475256769
3104,"Schlatt-Haslen",398,0,0
3105,"Schwende",988,0.6,0.0607287449392713
3111,"Oberegg",700,30.4,4.34285714285714
3201,"Häggenschwil",316,0.9,0.284810126582278
3202,"Muolen",387,0.7,0.180878552971576
3203,"St. Gallen",78623,1222.9,1.55539727560637
3204,"Wittenbach",3523,25.8,0.732330400227079
3211,"Berg (SG)",167,0,0
3212,"Eggersriet",391,2.4,0.613810741687979
3213,"Goldach",4149,93.9,2.26319595083153
3214,"Mörschwil",1175,15.6,1.32765957446809
3215,"Rorschach",5538,141.2,2.5496569158541
3216,"Rorschacherberg",1870,53.3,2.85026737967914
3217,"Steinach",1972,104.4,5.29411764705882
3218,"Tübach",758,25.9,3.41688654353562
3219,"Untereggen",267,0.6,0.224719101123595
3231,"Au (SG)",4938,768.3,15.5589307411908
3232,"Balgach",4085,472.1,11.5569155446756
3233,"Berneck",1960,160.5,8.18877551020408
3234,"Diepoldsau",3512,471.9,13.4367881548975
3235,"Rheineck",1589,94.3,5.93455003146633
3236,"St. Margrethen",3369,398.6,11.8314039774414
3237,"Thal",4304,427.1,9.92332713754647
3238,"Widnau",4121,508.4,12.3368114535307
3251,"Altstätten",7094,381.1,5.37214547504934
3252,"Eichberg",267,4.8,1.79775280898876
3253,"Marbach (SG)",679,24.5,3.60824742268041
3254,"Oberriet (SG)",4026,321.5,7.98559364133135
3255,"Rebstein",1389,179.9,12.9517638588913
3256,"Rüthi (SG)",1040,130.6,12.5576923076923
3271,"Buchs (SG)",7220,543.6,7.52908587257618
3272,"Gams",1188,45.7,3.84680134680135
3273,"Grabs",3193,110.8,3.47009082367679
3274,"Sennwald",3702,570.9,15.4213938411669
3275,"Sevelen",2245,197.9,8.81514476614699
3276,"Wartau",1936,55.9,2.88739669421488
3291,"Bad Ragaz",3248,28.3,0.871305418719212
3292,"Flums",2710,8.2,0.302583025830258
3293,"Mels",3596,8.6,0.239154616240267
3294,"Pfäfers",1171,35.9,3.06575576430401
3295,"Quarten",1046,5.3,0.506692160611855
3296,"Sargans",3744,37.1,0.990918803418804
3297,"Vilters-Wangs",1508,7.6,0.503978779840849
3298,"Walenstadt",2144,2.3,0.107276119402985
3311,"Amden",521,0,0
3312,"Benken (SG)",1145,0.9,0.0786026200873362
3313,"Kaltbrunn",1584,3.1,0.195707070707071
3315,"Schänis",1369,1.5,0.109569028487947
3316,"Weesen",543,0,0
3338,"Schmerikon",1455,2.1,0.144329896907216
3339,"Uznach",3756,5.8,0.154419595314164
3340,"Rapperswil-Jona",16271,40.9,0.25136746358552
3341,"Gommiswald",1344,2.2,0.163690476190476
3342,"Eschenbach (SG)",3908,5.3,0.135619242579324
3352,"Ebnat-Kappel",2093,5.8,0.277114190157668
3359,"Wildhaus-Alt St. Johann",1530,9.2,0.601307189542484
3360,"Nesslau",1822,4.4,0.241492864983535
3372,"Hemberg",318,0,0
3374,"Lichtensteig",794,4.3,0.541561712846348
3375,"Oberhelfenschwil",435,2.4,0.551724137931034
3378,"Neckertal",1572,1.4,0.089058524173028
3379,"Wattwil",4704,17.6,0.374149659863946
3392,"Kirchberg (SG)",4811,38.7,0.804406568281023
3393,"Lütisburg",633,7.7,1.21642969984202
3394,"Mosnang",1071,3.1,0.289449112978525
3395,"Bütschwil-Ganterschwil",2184,11.1,0.508241758241758
3401,"Degersheim",1714,4,0.233372228704784
3402,"Flawil",4470,24.9,0.557046979865772
3405,"Jonschwil",2035,26.6,1.30712530712531
3407,"Oberuzwil",2111,15.9,0.753197536712459
3408,"Uzwil",7001,79.8,1.13983716611913
3422,"Niederbüren",727,12.7,1.74690508940853
3423,"Niederhelfenschwil",937,4.8,0.512273212379936
3424,"Oberbüren",2718,15.6,0.573951434878587
3426,"Zuzwil (SG)",1832,10.5,0.573144104803494
3427,"Wil (SG)",14654,136.1,0.928756653473454
3441,"Andwil (SG)",754,12.4,1.64456233421751
3442,"Gaiserwald",2168,7.8,0.359778597785978
3443,"Gossau (SG)",12703,126.3,0.994253325985987
3444,"Waldkirch",1442,5.6,0.388349514563107
3503,"Mutten",24,0,0
3506,"Vaz/Obervaz",2632,7.7,0.292553191489362
3513,"Lantsch/Lenz",121,0,0
3514,"Schmitten (GR)",84,0,0
3521,"Bergün/Bravuogn",403,15.7,3.89578163771712
3522,"Filisur",223,0,0
3542,"Albula/Alvra",691,2.5,0.361794500723589
3543,"Surses",1471,10.7,0.727396329027872
3551,"Brusio",747,364.1,48.7416331994645
3561,"Poschiavo",1953,481.6,24.6594982078853
3572,"Falera",278,1.4,0.503597122302158
3575,"Laax",1382,1.3,0.0940665701881331
3581,"Sagogn",119,0,0
3582,"Schluein",257,0,0
3603,"Vals",681,0,0
3611,"Andiast",89,0,0
3616,"Waltensburg/Vuorz",97,0,0
3618,"Lumnezia",892,0,0
3619,"Ilanz/Glion",3275,2.4,0.0732824427480916
3633,"Fürstenau",167,0.3,0.179640718562874
3637,"Rothenbrunnen",460,5,1.08695652173913
3638,"Scharans",397,0,0
3640,"Sils im Domleschg",286,0,0
3661,"Cazis",1145,3.9,0.34061135371179
3662,"Flerden",62,0,0
3663,"Masein",74,0.9,1.21621621621622
3668,"Thusis",2277,17.9,0.786122090469916
3669,"Tschappina",78,0,0
3670,"Urmein",70,0,0
3672,"Safiental",390,0,0
3673,"Domleschg",459,0,0
3681,"Avers",110,0,0
3691,"Hinterrhein",31,5.4,17.4193548387097
3693,"Nufenen",75,0,0
3694,"Splügen",254,3.4,1.33858267716535
3695,"Sufers",66,0.9,1.36363636363636
3701,"Andeer",449,6.7,1.49220489977728
3703,"Casti-Wergenstein",48,0,0
3705,"Donat",112,0,0
3707,"Lohn (GR)",25,0,0
3708,"Mathon",30,0,0
3711,"Rongellen",5,0,0
3712,"Zillis-Reischen",192,1.6,0.833333333333333
3713,"Ferrera",35,0,0
3721,"Bonaduz",1555,17.2,1.10610932475884
3722,"Domat/Ems",2945,10.6,0.359932088285229
3723,"Rhäzüns",325,0,0
3731,"Felsberg",459,1.5,0.326797385620915
3732,"Flims",1724,2.8,0.162412993039443
3733,"Tamins",203,0,0
3734,"Trin",306,0.7,0.22875816993464
3746,"Zernez",629,114.9,18.2670906200318
3752,"Samnaun",1266,233.5,18.4439178515008
3762,"Scuol",2270,323.7,14.2599118942731
3764,"Valsot",472,66.2,14.0254237288136
3781,"Bever",333,40.6,12.1921921921922
3782,"Celerina/Schlarigna",963,196.4,20.3946002076843
3783,"Madulain",93,9.2,9.89247311827957
3784,"Pontresina",1864,259.2,13.9055793991416
3785,"La Punt-Chamues-ch",242,30.1,12.4380165289256
3786,"Samedan",2897,284.3,9.81360027614774
3787,"St. Moritz",7489,1109.4,14.8137267993056
3788,"S-chanf",264,20.3,7.68939393939394
3789,"Sils im Engadin/Segl",939,252.4,26.8796592119276
3790,"Silvaplana",798,226.4,28.3709273182957
3791,"Zuoz",813,64.2,7.89667896678967
3792,"Bregaglia",886,355.8,40.1580135440181
3804,"Buseno",23,0,0
3805,"Castaneda",62,12,19.3548387096774
3808,"Rossa",21,8.1,38.5714285714286
3810,"Santa Maria in Calanca",18,0.8,4.44444444444444
3821,"Lostallo",211,5.1,2.41706161137441
3822,"Mesocco",522,23.3,4.46360153256705
3823,"Soazza",141,13,9.21985815602837
3831,"Cama",203,14.1,6.94581280788177
3832,"Grono",760,101.5,13.3552631578947
3833,"Leggia",21,0.9,4.28571428571429
3834,"Roveredo (GR)",895,81.7,9.12849162011173
3835,"San Vittore",411,104.6,25.4501216545012
3836,"Verdabbio",19,0,0
3837,"Calanca",126,5.1,4.04761904761905
3847,"Val Müstair",1085,391.6,36.0921658986175
3851,"Davos",8856,36.9,0.416666666666667
3861,"Fideris",219,0,0
3862,"Furna",69,0.8,1.15942028985507
3863,"Jenaz",407,0,0
3871,"Klosters-Serneus",2200,8.4,0.381818181818182
3881,"Conters im Prättigau",84,0,0
3882,"Küblis",522,1.9,0.363984674329502
3891,"Luzein",411,0,0
3901,"Chur",31727,153.9,0.485075802943865
3911,"Churwalden",845,4.4,0.520710059171598
3921,"Arosa",2970,5.4,0.181818181818182
3926,"Maladers",84,0,0
3932,"Tschiertschen-Praden",115,0,0
3941,"Haldenstein",329,2.5,0.759878419452888
3945,"Trimmis",1025,8.5,0.829268292682927
3946,"Untervaz",651,3.1,0.476190476190476
3947,"Zizers",964,9,0.933609958506224
3951,"Fläsch",162,1.1,0.679012345679012
3952,"Jenins",299,12.4,4.14715719063545
3953,"Maienfeld",1678,10.4,0.619785458879619
3954,"Malans",849,17.4,2.04946996466431
3955,"Landquart",5815,130.6,2.24591573516767
3961,"Grüsch",1132,5.3,0.468197879858657
3962,"Schiers",1548,9.5,0.613695090439277
3972,"Seewis im Prättigau",569,0.7,0.123022847100176
3981,"Breil/Brigels",550,0,0
3982,"Disentis/Mustér",1292,2.5,0.193498452012384
3983,"Medel (Lucmagn)",133,0,0
3985,"Sumvitg",417,5.6,1.34292565947242
3986,"Tujetsch",759,0.4,0.0527009222661397
3987,"Trun",576,1,0.173611111111111
3988,"Obersaxen Mundaun",640,0.7,0.109375
4001,"Aarau",33523,492.8,1.47003549801629
4002,"Biberstein",312,0,0
4003,"Buchs (AG)",4683,59.4,1.26841768097373
4004,"Densbüren",319,5.8,1.81818181818182
4005,"Erlinsbach (AG)",925,9.4,1.01621621621622
4006,"Gränichen",2541,15,0.590318772136954
4007,"Hirschthal",769,9.8,1.27438231469441
4008,"Küttigen",1355,9.4,0.693726937269373
4009,"Muhen",1352,2.9,0.214497041420118
4010,"Oberentfelden",4210,47.3,1.12351543942993
4012,"Suhr",5144,74.3,1.44440124416796
4013,"Unterentfelden",1881,20.2,1.07389686337055
4021,"Baden",30276,1258.1,4.15543664949135
4022,"Bellikon",730,8.6,1.17808219178082
4023,"Bergdietikon",997,16.1,1.6148445336008
4024,"Birmenstorf (AG)",1072,31,2.89179104477612
4026,"Ennetbaden",749,26.1,3.48464619492657
4027,"Fislisbach",1218,16.4,1.34646962233169
4028,"Freienwil",118,0,0
4029,"Gebenstorf",1630,35,2.14723926380368
4030,"Killwangen",649,9.1,1.40215716486903
4031,"Künten",399,6.9,1.72932330827068
4032,"Mägenwil",2390,28.8,1.20502092050209
4033,"Mellingen",1756,20.4,1.16173120728929
4034,"Neuenhof",2459,97,3.94469296461976
4035,"Niederrohrdorf",722,9.7,1.34349030470914
4037,"Oberrohrdorf",808,1.8,0.222772277227723
4038,"Obersiggenthal",2056,79.8,3.88132295719844
4039,"Remetschwil",496,9.7,1.95564516129032
4040,"Spreitenbach",7839,114,1.45426712590892
4041,"Stetten (AG)",937,14.7,1.56883671291355
4042,"Turgi",1042,239.6,22.9942418426104
4044,"Untersiggenthal",2888,105.6,3.65650969529086
4045,"Wettingen",8799,180.9,2.05591544493692
4046,"Wohlenschwil",326,0.8,0.245398773006135
4047,"Würenlingen",3382,102.6,3.03370786516854
4048,"Würenlos",2290,50.3,2.19650655021834
4049,"Ehrendingen",860,13.1,1.52325581395349
4061,"Arni (AG)",267,0,0
4062,"Berikon",1401,8.8,0.628122769450393
4063,"Bremgarten (AG)",3990,27.2,0.681704260651629
4064,"Büttikon",210,0,0
4065,"Dottikon",1281,83.3,6.50273224043716
4066,"Eggenwil",146,0,0
4067,"Fischbach-Göslikon",381,3,0.78740157480315
4068,"Hägglingen",741,12.6,1.7004048582996
4071,"Jonen",585,0,0
4072,"Niederwil (AG)",1194,13.7,1.14740368509213
4073,"Oberlunkhofen",469,0.9,0.191897654584222
4074,"Oberwil-Lieli",418,0.5,0.119617224880383
4075,"Rudolfstetten-Friedlisberg",998,23.9,2.39478957915832
4076,"Sarmenstorf",643,3.5,0.544323483670295
4077,"Tägerig",225,0,0
4078,"Uezwil",79,0,0
4079,"Unterlunkhofen",321,0.4,0.124610591900312
4080,"Villmergen",3329,25.1,0.753980174226494
4081,"Widen",849,2.3,0.270906949352179
4082,"Wohlen (AG)",7405,60.7,0.819716407832546
4083,"Zufikon",1067,3.5,0.328022492970947
4084,"Islisberg",69,0,0
4091,"Auenstein",254,1.8,0.708661417322835
4092,"Birr",2697,166,6.15498702261772
4093,"Birrhard",265,6.5,2.45283018867925
4094,"Bözen",164,1.6,0.975609756097561
4095,"Brugg",7876,310.4,3.94108684611478
4096,"Effingen",219,19.4,8.85844748858447
4097,"Elfingen",101,3.2,3.16831683168317
4099,"Habsburg",69,0,0
4100,"Hausen (AG)",1420,4.8,0.338028169014085
4104,"Lupfig",2247,49.8,2.21628838451268
4105,"Mandach",67,0,0
4106,"Mönthal",86,1.8,2.09302325581395
4107,"Mülligen",175,3.2,1.82857142857143
4110,"Remigen",277,10.7,3.86281588447653
4111,"Riniken",291,3.3,1.1340206185567
4112,"Rüfenach",230,1.6,0.695652173913043
4113,"Scherz",153,0.8,0.522875816993464
4114,"Schinznach-Bad",1310,35.2,2.68702290076336
4117,"Thalheim (AG)",248,6,2.41935483870968
4120,"Veltheim (AG)",600,19.2,3.2
4121,"Villigen",1482,167,11.2685560053981
4122,"Villnachern",239,0,0
4123,"Windisch",4281,85.8,2.0042046250876
4124,"Bözberg",343,9,2.62390670553936
4125,"Schinznach",1264,9.4,0.743670886075949
4131,"Beinwil am See",913,0.8,0.0876232201533406
4132,"Birrwil",265,0,0
4133,"Burg (AG)",296,1.6,0.540540540540541
4134,"Dürrenäsch",727,15,2.06327372764787
4135,"Gontenschwil",987,2.1,0.212765957446809
4136,"Holziken",229,0.7,0.305676855895196
4137,"Leimbach (AG)",133,0,0
4138,"Leutwil",204,0.8,0.392156862745098
4139,"Menziken",2048,3.9,0.1904296875
4140,"Oberkulm",944,3.2,0.338983050847458
4141,"Reinach (AG)",3610,3.1,0.0858725761772853
4142,"Schlossrued",334,0.5,0.149700598802395
4143,"Schmiedrued",377,1.3,0.344827586206897
4144,"Schöftland",1708,1.5,0.0878220140515222
4145,"Teufenthal (AG)",286,0.8,0.27972027972028
4146,"Unterkulm",1139,3.3,0.28972783143108
4147,"Zetzwil",622,3.6,0.578778135048232
4161,"Eiken",1421,145.4,10.2322308233638
4163,"Frick",3623,323.9,8.94010488545404
4164,"Gansingen",202,5.6,2.77227722772277
4165,"Gipf-Oberfrick",714,19.5,2.73109243697479
4166,"Herznach",427,11.1,2.59953161592506
4167,"Hornussen",210,12.7,6.04761904761905
4169,"Kaisten",820,104.1,12.6951219512195
4170,"Laufenburg",2517,683.4,27.1513706793802
4172,"Münchwilen (AG)",479,177.2,36.9937369519833
4173,"Oberhof",142,0.8,0.563380281690141
4175,"Oeschgen",284,14,4.92957746478873
4176,"Schwaderloch",243,29.3,12.0576131687243
4177,"Sisseln",1004,492.4,49.0438247011952
4179,"Ueken",149,1.9,1.2751677852349
4181,"Wittnau",253,3.3,1.30434782608696
4182,"Wölflinswil",330,1.5,0.454545454545455
4183,"Zeihen",221,4.1,1.8552036199095
4184,"Mettauertal",785,198.6,25.2993630573248
4191,"Ammerswil",68,0,0
4192,"Boniswil",256,1.5,0.5859375
4193,"Brunegg",464,22.3,4.80603448275862
4194,"Dintikon",1155,13.3,1.15151515151515
4195,"Egliswil",402,2.6,0.646766169154229
4196,"Fahrwangen",817,1.7,0.208078335373317
4197,"Hallwil",242,0.9,0.371900826446281
4198,"Hendschiken",423,4.3,1.01654846335697
4199,"Holderbank (AG)",816,28.1,3.44362745098039
4200,"Hunzenschwil",1683,29,1.72311348781937
4201,"Lenzburg",8827,113.9,1.29035912541067
4202,"Meisterschwanden",1067,1.5,0.14058106841612
4203,"Möriken-Wildegg",1445,11.6,0.802768166089965
4204,"Niederlenz",1364,9.3,0.681818181818182
4205,"Othmarsingen",1165,22,1.88841201716738
4206,"Rupperswil",2137,35.3,1.65184838558727
4207,"Schafisheim",2302,11.5,0.499565595134665
4208,"Seengen",1133,4.8,0.423654015887026
4209,"Seon",2767,33.5,1.21069750632454
4210,"Staufen",542,0,0
4221,"Abtwil",220,0,0
4222,"Aristau",209,0,0
4223,"Auw",539,1.6,0.296846011131725
4224,"Beinwil (Freiamt)",410,0,0
4226,"Besenbüren",109,0,0
4227,"Bettwil",204,0,0
4228,"Boswil",1353,10.4,0.768662232076866
4229,"Bünzen",259,0,0
4230,"Buttwil",262,2.6,0.99236641221374
4231,"Dietwil",168,0,0
4232,"Geltwil",78,0,0
4233,"Kallern",104,0,0
4234,"Merenschwand",1543,3,0.194426441996111
4235,"Mühlau",330,0,0
4236,"Muri (AG)",4907,14.5,0.295496229875688
4237,"Oberrüti",330,0,0
4238,"Rottenschwil",222,0,0
4239,"Sins",2201,0.7,0.0318037255792821
4240,"Waltenschwil",647,3.7,0.571870170015456
4251,"Hellikon",169,1.5,0.887573964497041
4252,"Kaiseraugst",4783,1350.3,28.231235626176
4253,"Magden",722,54.6,7.5623268698061
4254,"Möhlin",4241,647.8,15.2746993633577
4255,"Mumpf",199,12.9,6.48241206030151
4256,"Obermumpf",153,8.1,5.29411764705882
4257,"Olsberg",120,2.6,2.16666666666667
4258,"Rheinfelden",7265,1072.1,14.7570543702684
4259,"Schupfart",188,1.7,0.904255319148936
4260,"Stein (AG)",3492,940.2,26.9243986254296
4261,"Wallbach",703,230.9,32.8449502133713
4262,"Wegenstetten",270,4.6,1.7037037037037
4263,"Zeiningen",553,49.3,8.91500904159132
4264,"Zuzgen",230,5.3,2.30434782608696
4271,"Aarburg",3214,46.3,1.44057249533292
4272,"Attelwil",136,0.9,0.661764705882353
4273,"Bottenwil",197,0,0
4274,"Brittnau",713,4.2,0.5890603085554
4275,"Kirchleerau",266,0,0
4276,"Kölliken",1354,9.3,0.68685376661743
4277,"Moosleerau",345,2.7,0.782608695652174
4279,"Murgenthal",972,5.4,0.555555555555556
4280,"Oftringen",5245,79.8,1.52144899904671
4281,"Reitnau",461,0.4,0.086767895878525
4282,"Rothrist",4332,56.7,1.30886426592798
4283,"Safenwil",1633,4,0.244947948560931
4284,"Staffelbach",317,0.7,0.220820189274448
4285,"Strengelbach",1378,7.5,0.544267053701016
4286,"Uerkheim",388,0,0
4287,"Vordemwald",644,6,0.93167701863354
4288,"Wiliberg",34,0,0
4289,"Zofingen",10409,100.5,0.965510615813239
4301,"Baldingen",47,0.8,1.70212765957447
4302,"Böbikon",67,2.7,4.02985074626866
4303,"Böttstein",1762,118,6.69693530079455
4304,"Döttingen",2051,135,6.58215504631887
4305,"Endingen",733,28.8,3.92905866302865
4306,"Fisibach",136,8.3,6.10294117647059
4307,"Full-Reuenthal",263,13.1,4.98098859315589
4308,"Kaiserstuhl",108,23.4,21.6666666666667
4309,"Klingnau",1080,135.8,12.5740740740741
4310,"Koblenz",608,159.4,26.2171052631579
4311,"Leibstadt",1150,236.9,20.6
4312,"Lengnau (AG)",909,41,4.51045104510451
4313,"Leuggern",1079,117.3,10.8711770157553
4314,"Mellikon",112,20.9,18.6607142857143
4315,"Rekingen (AG)",379,68.1,17.9683377308707
4316,"Rietheim",129,46.2,35.8139534883721
4317,"Rümikon",54,3.8,7.03703703703704
4318,"Schneisingen",305,4.5,1.47540983606557
4319,"Siglistorf",196,2.2,1.12244897959184
4320,"Tegerfelden",398,18.5,4.64824120603015
4322,"Wislikofen",143,17.8,12.4475524475524
4323,"Bad Zurzach",3090,599.6,19.4045307443366
4401,"Arbon",5920,153.7,2.59628378378378
4406,"Dozwil",227,5.3,2.33480176211454
4411,"Egnach",1971,11.9,0.603754439370878
4416,"Hefenhofen",611,2.3,0.376432078559738
4421,"Horn",1156,36.1,3.12283737024221
4426,"Kesswil",494,12.5,2.53036437246964
4431,"Roggwil (TG)",1403,16.7,1.19030648610121
4436,"Romanshorn",5582,127.4,2.28233608025797
4441,"Salmsach",322,0.9,0.279503105590062
4446,"Sommeri",555,6.5,1.17117117117117
4451,"Uttwil",358,1.2,0.335195530726257
4461,"Amriswil",5898,74.8,1.26822651746355
4471,"Bischofszell",3096,44.6,1.4405684754522
4476,"Erlen",1294,20.6,1.5919629057187
4486,"Hauptwil-Gottshaus",680,11,1.61764705882353
4495,"Hohentannen",249,0,0
4501,"Kradolf-Schönenberg",1072,10.9,1.01679104477612
4506,"Sulgen",2092,32.9,1.57265774378585
4511,"Zihlschlacht-Sitterdorf",1173,52.3,4.45865302642796
4536,"Basadingen-Schlattingen",686,26.3,3.83381924198251
4545,"Diessenhofen",1720,184.6,10.7325581395349
4546,"Schlatt (TG)",473,24.8,5.2431289640592
4551,"Aadorf",3505,104.4,2.97860199714693
4561,"Felben-Wellhausen",1070,38,3.55140186915888
4566,"Frauenfeld",19935,447,2.24228743416102
4571,"Gachnang",1317,24.8,1.8830675778284
4590,"Hüttlingen",251,0.9,0.358565737051793
4591,"Matzingen",996,13.1,1.31526104417671
4601,"Neunforn",362,6,1.65745856353591
4606,"Stettfurt",325,7.6,2.33846153846154
4611,"Thundorf",409,6,1.46699266503667
4616,"Uesslingen-Buch",417,1.5,0.359712230215827
4621,"Warth-Weiningen",546,5.9,1.08058608058608
4641,"Altnau",746,34.6,4.63806970509383
4643,"Bottighofen",724,200.7,27.7209944751381
4646,"Ermatingen",1203,51.5,4.2809642560266
4651,"Gottlieben",180,9.9,5.5
4656,"Güttingen",606,17.1,2.82178217821782
4666,"Kemmental",751,8.6,1.14513981358189
4671,"Kreuzlingen",11561,1170.9,10.1280166075599
4681,"Langrickenbach",362,7.4,2.04419889502762
4683,"Lengwil",860,110.7,12.8720930232558
4691,"Münsterlingen",2917,281.2,9.64004113815564
4696,"Tägerwilen",2864,500.6,17.4790502793296
4701,"Wäldi",514,9.3,1.80933852140078
4711,"Affeltrangen",1216,8,0.657894736842105
4716,"Bettwiesen",277,7.2,2.59927797833935
4721,"Bichelsee-Balterswil",1009,32.4,3.21110009910803
4723,"Braunau",184,1.8,0.978260869565218
4724,"Eschlikon",1656,19.4,1.17149758454106
4726,"Fischingen",1370,16.8,1.22627737226277
4741,"Lommis",399,2.1,0.526315789473684
4746,"Münchwilen (TG)",2392,16.9,0.706521739130435
4751,"Rickenbach (TG)",981,3.6,0.36697247706422
4756,"Schönholzerswilen",294,1.8,0.612244897959184
4761,"Sirnach",3341,56.6,1.69410356180784
4776,"Tobel-Tägerschen",551,7.4,1.34301270417423
4781,"Wängi",1688,11.4,0.675355450236967
4786,"Wilen (TG)",464,3.6,0.775862068965517
4791,"Wuppenau",371,0,0
4801,"Berlingen",350,32.7,9.34285714285714
4806,"Eschenz",579,22.6,3.90328151986183
4811,"Herdern",348,0,0
4816,"Homburg",748,21,2.80748663101604
4821,"Hüttwilen",790,20.5,2.59493670886076
4826,"Mammern",431,54.9,12.737819025522
4831,"Müllheim",1107,16.7,1.50858175248419
4841,"Pfyn",766,16.7,2.18015665796345
4846,"Raperswilen",169,11.7,6.92307692307692
4851,"Salenstein",458,21.7,4.73799126637555
4864,"Steckborn",1468,83.1,5.66076294277929
4871,"Wagenhausen",384,21.2,5.52083333333333
4881,"Amlikon-Bissegg",496,5.8,1.16935483870968
4891,"Berg (TG)",1672,59.1,3.53468899521531
4901,"Birwinken",368,1.9,0.516304347826087
4911,"Bürglen (TG)",1418,53.4,3.76586741889986
4921,"Bussnang",2485,146.5,5.8953722334004
4941,"Märstetten",1037,22.2,2.14079074252652
4946,"Weinfelden",9227,234,2.53603554784871
4951,"Wigoltingen",1009,10.5,1.0406342913776
5001,"Arbedo-Castione",1679,312,18.5824895771292
5002,"Bellinzona",16364,1041.5,6.36458078709362
5003,"Cadenazzo",1514,265.6,17.5429326287979
5004,"Camorino",1297,162.8,12.5520431765613
5005,"Giubiasco",3656,397.8,10.8807439824945
5006,"Gnosca",66,3.2,4.84848484848485
5007,"Gorduno",55,2.7,4.90909090909091
5008,"Gudo",148,9.9,6.68918918918919
5009,"Isone",188,27.6,14.6808510638298
5010,"Lumino",437,26.8,6.13272311212815
5012,"Moleno",7,0,0
5013,"Monte Carasso",636,54.4,8.55345911949686
5014,"Pianezzo",48,0.8,1.66666666666667
5015,"Preonzo",164,17.3,10.5487804878049
5017,"Sant'Antonino",2047,353.8,17.2838299951148
5018,"Sant'Antonio",26,0,0
5019,"Sementina",872,85.7,9.82798165137615
5048,"Acquarossa",843,13.6,1.61328588374852
5049,"Blenio",570,8.8,1.54385964912281
5050,"Serravalle",544,26.3,4.83455882352941
5061,"Airolo",968,18.1,1.8698347107438
5063,"Bedretto",41,3.3,8.04878048780488
5064,"Bodio",453,12.6,2.78145695364238
5071,"Dalpe",34,0,0
5072,"Faido",1195,11.2,0.937238493723849
5073,"Giornico",342,9.6,2.80701754385965
5076,"Personico",115,0.8,0.695652173913043
5077,"Pollegio",110,3.4,3.09090909090909
5078,"Prato (Leventina)",112,0,0
5079,"Quinto",637,9.6,1.50706436420722
5081,"Sobrio",13,0,0
5091,"Ascona",2709,417.1,15.3968253968254
5095,"Brione (Verzasca)",95,3.1,3.26315789473684
5096,"Brione sopra Minusio",59,8.2,13.8983050847458
5097,"Brissago",1214,380.8,31.3673805601318
5102,"Corippo",2,0,0
5105,"Frasco",19,0,0
5108,"Gordola",1544,284.4,18.419689119171
5109,"Gresso",5,0,0
5112,"Lavertezzo",762,286,37.5328083989501
5113,"Locarno",12603,2123.8,16.8515432833452
5115,"Losone",3175,879.9,27.7133858267717
5117,"Mergoscia",29,0,0
5118,"Minusio",1852,253.1,13.6663066954644
5119,"Mosogno",18,0,0
5120,"Muralto",1604,288.1,17.9613466334165
5121,"Orselina",475,68.8,14.4842105263158
5125,"Ronco sopra Ascona",152,25,16.4473684210526
5129,"Sonogno",36,0.7,1.94444444444444
5131,"Tenero-Contra",1189,188.6,15.8620689655172
5132,"Vergeletto",20,0,0
5135,"Vogorno",44,2.5,5.68181818181818
5136,"Onsernone",109,24.9,22.8440366972477
5137,"Isorno",111,3.7,3.33333333333333
5138,"Cugnasco-Gerra",602,30.7,5.09966777408638
5141,"Agno",2511,842.9,33.568299482278
5143,"Aranno",32,5.7,17.8125
5144,"Arogno",230,67.6,29.3913043478261
5146,"Astano",30,6.3,21
5148,"Bedano",1664,697.9,41.9411057692308
5149,"Bedigliora",136,8.4,6.17647058823529
5151,"Bioggio",5173,2377.4,45.9578581094143
5154,"Bissone",194,61.9,31.9072164948454
5160,"Brusino Arsizio",75,34.3,45.7333333333333
5161,"Cademario",201,30.1,14.9751243781095
5162,"Cadempino",1989,965.7,48.552036199095
5167,"Canobbio",925,168.1,18.172972972973
5171,"Caslano",1379,554.6,40.2175489485134
5176,"Comano",1006,69.6,6.91848906560636
5178,"Croglio",793,387.3,48.8398486759142
5180,"Cureglia",244,88.1,36.1065573770492
5181,"Curio",115,20.4,17.7391304347826
5186,"Grancia",1154,575.4,49.8613518197574
5187,"Gravesano",1112,356.5,32.0593525179856
5189,"Lamone",1349,446.5,33.0985915492958
5192,"Lugano",53509,12220.3,22.8378403633034
5193,"Magliaso",526,213.2,40.532319391635
5194,"Manno",4894,1659.7,33.9129546383327
5195,"Maroggia",277,101.2,36.5342960288809
5196,"Massagno",1806,392.6,21.7386489479513
5197,"Melano",349,157.8,45.214899713467
5198,"Melide",697,238.8,34.2611190817791
5199,"Mezzovico-Vira",2483,1099.5,44.2811115585985
5200,"Miglieglia",53,13.8,26.0377358490566
5202,"Monteggio",707,528.9,74.8090523338048
5203,"Morcote",243,81.7,33.6213991769547
5205,"Muzzano",958,222.4,23.2150313152401
5206,"Neggio",126,12.1,9.6031746031746
5207,"Novaggio",269,55.1,20.4832713754647
5208,"Origlio",166,58.4,35.1807228915663
5210,"Paradiso",2824,779.7,27.6097733711048
5212,"Ponte Capriasca",236,24.4,10.3389830508475
5213,"Ponte Tresa",312,163.7,52.4679487179487
5214,"Porza",777,186.3,23.976833976834
5216,"Pura",178,48.4,27.1910112359551
5219,"Rovio",85,23,27.0588235294118
5221,"Savosa",1119,286.2,25.5764075067024
5222,"Sessa",108,35.6,32.962962962963
5225,"Sorengo",1243,308.8,24.8431214802896
5226,"Capriasca",1339,175.3,13.091859596714
5227,"Torricella-Taverne",1676,630.8,37.6372315035799
5230,"Vernate",70,10,14.2857142857143
5231,"Vezia",1026,328.6,32.0272904483431
5233,"Vico Morcote",155,60.2,38.8387096774194
5236,"Collina d'Oro",2154,809.1,37.5626740947075
5237,"Alto Malcantone",209,52.9,25.311004784689
5238,"Monteceneri",2555,804.3,31.4794520547945
5242,"Balerna",3756,2113.2,56.2619808306709
5249,"Castel San Pietro",1208,721.4,59.7185430463576
5250,"Chiasso",9249,4861,52.5570331927776
5251,"Coldrerio",870,427.1,49.0919540229885
5254,"Mendrisio",15192,9066.6,59.6800947867299
5257,"Morbio Inferiore",1437,631.1,43.9178844815588
5260,"Novazzano",1808,1081,59.7898230088496
5263,"Riva San Vitale",923,330.3,35.7854821235103
5266,"Stabio",5679,3960.2,69.7341081176263
5268,"Vacallo",503,239.9,47.6938369781312
5269,"Breggia",293,42.3,14.4368600682594
5281,"Biasca",2843,123.9,4.35807245867042
5282,"Claro",508,26.6,5.23622047244095
5283,"Cresciano",131,9.9,7.55725190839695
5284,"Iragna",122,14.6,11.9672131147541
5285,"Lodrino",762,43.5,5.70866141732284
5286,"Osogna",282,30.9,10.9574468085106
5304,"Bosco/Gurin",42,9.4,22.3809523809524
5307,"Campo (Vallemaggia)",27,0,0
5309,"Cerentino",29,0,0
5310,"Cevio",634,65.8,10.3785488958991
5315,"Linescio",17,0.9,5.29411764705882
5317,"Maggia",631,83.1,13.1695721077655
5323,"Lavizzara",226,4.3,1.90265486725664
5324,"Avegno Gordevio",337,61,18.1008902077151
5396,"Terre di Pedemonte",623,106,17.0144462279294
5397,"Centovalli",398,84,21.105527638191
5398,"Gambarogno",2367,644.3,27.220109843684
5401,"Aigle",5862,272.8,4.65370180825657
5402,"Bex",2498,47.2,1.88951160928743
5403,"Chessel",118,1.8,1.52542372881356
5404,"Corbeyrier",97,4.7,4.84536082474227
5405,"Gryon",372,2.5,0.672043010752688
5406,"Lavey-Morcles",322,0.8,0.248447204968944
5407,"Leysin",1569,10.6,0.675589547482473
5408,"Noville",421,26,6.17577197149644
5409,"Ollon",2669,36.7,1.37504683402023
5410,"Ormont-Dessous",320,0,0
5411,"Ormont-Dessus",749,8.1,1.08144192256342
5412,"Rennaz",514,69,13.4241245136187
5413,"Roche (VD)",499,47.2,9.45891783567134
5414,"Villeneuve (VD)",3062,300,9.79751796211626
5415,"Yvorne",461,18.6,4.03470715835141
5421,"Apples",463,10.3,2.22462203023758
5422,"Aubonne",2448,316.8,12.9411764705882
5423,"Ballens",221,5.4,2.44343891402715
5424,"Berolle",51,0,0
5425,"Bière",506,10.8,2.13438735177866
5426,"Bougy-Villars",155,23.2,14.9677419354839
5427,"Féchy",202,6.9,3.41584158415842
5428,"Gimel",657,67.1,10.2130898021309
5429,"Longirod",74,0,0
5430,"Marchissy",90,4,4.44444444444444
5431,"Mollens (VD)",63,1.6,2.53968253968254
5432,"Montherod",110,6,5.45454545454545
5434,"Saint-George",195,13.7,7.02564102564103
5435,"Saint-Livres",99,1.5,1.51515151515152
5436,"Saint-Oyens",53,0,0
5437,"Saubraz",50,0,0
5451,"Avenches",2428,112,4.61285008237232
5456,"Cudrefin",323,2.6,0.804953560371517
5458,"Faoug",143,0,0
5464,"Vully-les-Lacs",627,0,0
5471,"Bettens",100,0,0
5472,"Bournens",53,0,0
5473,"Boussens",163,1.7,1.04294478527607
5474,"La Chaux (Cossonay)",74,0.9,1.21621621621622
5475,"Chavannes-le-Veyron",40,0,0
5476,"Chevilly",38,0.8,2.10526315789474
5477,"Cossonay",1425,34.9,2.44912280701754
5478,"Cottens (VD)",106,0,0
5479,"Cuarnens",94,2.5,2.65957446808511
5480,"Daillens",1138,45.3,3.98066783831283
5481,"Dizy",56,0,0
5482,"Eclépens",1259,90.1,7.15647339158062
5483,"Ferreyres",47,0,0
5484,"Gollion",243,3.6,1.48148148148148
5485,"Grancy",78,3.3,4.23076923076923
5486,"L'Isle",368,33.9,9.21195652173913
5487,"Lussery-Villars",38,0.9,2.36842105263158
5488,"Mauraz",17,0,0
5489,"Mex (VD)",1142,93.1,8.1523642732049
5490,"Moiry",59,0,0
5491,"Mont-la-Ville",62,0.8,1.29032258064516
5492,"Montricher",215,4.8,2.23255813953488
5493,"Orny",92,19.2,20.8695652173913
5494,"Pampigny",243,10.5,4.32098765432099
5495,"Penthalaz",1052,57.5,5.46577946768061
5496,"Penthaz",620,22.3,3.59677419354839
5497,"Pompaples",590,58.3,9.88135593220339
5498,"La Sarraz",553,26.8,4.84629294755877
5499,"Senarclens",123,7.5,6.09756097560976
5500,"Sévery",79,1.6,2.0253164556962
5501,"Sullens",119,5.4,4.53781512605042
5503,"Vufflens-la-Ville",203,18.9,9.31034482758621
5511,"Assens",340,4.4,1.29411764705882
5512,"Bercher",339,9.7,2.86135693215339
5513,"Bioley-Orjulaz",429,42.6,9.93006993006993
5514,"Bottens",254,4.3,1.69291338582677
5515,"Bretigny-sur-Morrens",117,5.1,4.35897435897436
5516,"Cugy (VD)",959,42.9,4.47340980187696
5518,"Echallens",2482,58.7,2.36502820306205
5520,"Essertines-sur-Yverdon",172,1.7,0.988372093023256
5521,"Etagnières",534,23.5,4.40074906367041
5522,"Fey",146,1.8,1.23287671232877
5523,"Froideville",218,10.1,4.63302752293578
5527,"Morrens (VD)",152,2.6,1.71052631578947
5529,"Oulens-sous-Echallens",134,0.9,0.671641791044776
5530,"Pailly",98,1.5,1.53061224489796
5531,"Penthéréaz",108,5.3,4.90740740740741
5533,"Poliez-Pittet",199,1.7,0.85427135678392
5534,"Rueyres",91,8.1,8.9010989010989
5535,"Saint-Barthélemy (VD)",331,11.3,3.41389728096677
5537,"Villars-le-Terroir",149,1.6,1.0738255033557
5539,"Vuarrens",141,5.2,3.68794326241135
5540,"Montilliez",264,1.4,0.53030303030303
5541,"Goumoëns",267,0.8,0.299625468164794
5551,"Bonvillars",142,3.7,2.6056338028169
5552,"Bullet",196,25.5,13.0102040816327
5553,"Champagne",363,40.7,11.2121212121212
5554,"Concise",175,1.8,1.02857142857143
5555,"Corcelles-près-Concise",115,1.8,1.56521739130435
5556,"Fiez",65,0.9,1.38461538461538
5557,"Fontaines-sur-Grandson",31,0,0
5559,"Giez",101,11.2,11.0891089108911
5560,"Grandevent",19,0,0
5561,"Grandson",1462,104.9,7.17510259917921
5562,"Mauborget",24,0,0
5563,"Mutrux",26,0.9,3.46153846153846
5564,"Novalles",24,0,0
5565,"Onnens (VD)",131,11.4,8.70229007633588
5566,"Provence",135,11.6,8.59259259259259
5568,"Sainte-Croix",1707,409.7,24.0011716461629
5571,"Tévenon",98,21.1,21.530612244898
5581,"Belmont-sur-Lausanne",536,5.3,0.988805970149254
5582,"Cheseaux-sur-Lausanne",2079,140.7,6.76767676767677
5583,"Crissier",8536,650.7,7.62300843486411
5584,"Epalinges",2440,56.2,2.30327868852459
5585,"Jouxtens-Mézery",123,3.5,2.84552845528455
5586,"Lausanne",115846,4855.6,4.19142654903924
5587,"Le Mont-sur-Lausanne",7399,210.6,2.84633058521422
5588,"Paudex",1495,19.8,1.32441471571906
5589,"Prilly",6488,298.6,4.60234278668311
5590,"Pully",6102,112,1.83546378236644
5591,"Renens (VD)",12883,489.1,3.79647597609253
5592,"Romanel-sur-Lausanne",1401,84.1,6.0028551034975
5601,"Chexbres",816,29.8,3.65196078431373
5604,"Forel (Lavaux)",693,5.8,0.836940836940837
5606,"Lutry",2829,67.1,2.37186284906327
5607,"Puidoux",1639,60.5,3.69127516778524
5609,"Rivaz",128,0.7,0.546875
5610,"Saint-Saphorin (Lavaux)",66,0,0
5611,"Savigny",1449,59.4,4.09937888198758
5613,"Bourg-en-Lavaux",1885,18.4,0.976127320954907
5621,"Aclens",1493,115.4,7.72940388479571
5622,"Bremblens",395,20.5,5.18987341772152
5623,"Buchillon",95,6.8,7.1578947368421
5624,"Bussigny",6495,352,5.41955350269438
5625,"Bussy-Chardonney",87,0,0
5627,"Chavannes-près-Renens",3595,71.6,1.99165507649513
5628,"Chigny",48,7.2,15
5629,"Clarmont",53,0,0
5631,"Denens",118,0,0
5632,"Denges",937,37.6,4.0128068303095
5633,"Echandens",1264,69.7,5.51424050632911
5634,"Echichens",755,14.2,1.88079470198675
5635,"Ecublens (VD)",14833,620.8,4.18526259017057
5636,"Etoy",2489,207.8,8.3487344314986
5637,"Lavigny",820,99.3,12.109756097561
5638,"Lonay",1619,106.7,6.5904879555281
5639,"Lully (VD)",164,11.2,6.82926829268293
5640,"Lussy-sur-Morges",272,14,5.14705882352941
5642,"Morges",10034,507.1,5.05381702212478
5643,"Préverenges",1366,77.7,5.68814055636896
5644,"Reverolle",87,1.8,2.06896551724138
5645,"Romanel-sur-Morges",467,51,10.9207708779443
5646,"Saint-Prex",2490,277.7,11.1526104417671
5648,"Saint-Sulpice (VD)",1207,38.8,3.2145816072908
5649,"Tolochenaz",2091,164.5,7.86704925872788
5650,"Vaux-sur-Morges",106,0,0
5651,"Villars-Sainte-Croix",899,66.3,7.37486095661846
5652,"Villars-sous-Yens",110,1.8,1.63636363636364
5653,"Vufflens-le-Château",150,4.8,3.2
5654,"Vullierens",99,0,0
5655,"Yens",349,40,11.4613180515759
5661,"Boulens",73,1.8,2.46575342465753
5662,"Brenles",65,0,0
5663,"Bussy-sur-Moudon",26,0,0
5665,"Chavannes-sur-Moudon",63,0,0
5666,"Chesalles-sur-Moudon",19,0,0
5668,"Cremin",21,0,0
5669,"Curtilles",63,0,0
5671,"Dompierre (VD)",88,0.7,0.795454545454545
5672,"Forel-sur-Lucens",44,0,0
5673,"Hermenches",59,4.6,7.79661016949152
5674,"Lovatens",37,0,0
5675,"Lucens",1150,10.6,0.921739130434783
5678,"Moudon",2724,33.6,1.23348017621145
5680,"Ogens",61,0,0
5683,"Prévonloup",32,0,0
5684,"Rossenges",19,0,0
5686,"Sarzens",29,0,0
5688,"Syens",31,0,0
5690,"Villars-le-Comte",26,0,0
5692,"Vucherens",161,2.7,1.67701863354037
5693,"Montanaire",695,6,0.863309352517986
5701,"Arnex-sur-Nyon",51,0,0
5702,"Arzier-Le Muids",380,41,10.7894736842105
5703,"Bassins",237,19.8,8.35443037974684
5704,"Begnins",438,38.7,8.83561643835617
5705,"Bogis-Bossey",121,24.4,20.1652892561983
5706,"Borex",98,11.1,11.3265306122449
5707,"Chavannes-de-Bogis",1301,461.9,35.5034588777863
5708,"Chavannes-des-Bois",33,4,12.1212121212121
5709,"Chéserex",186,35.8,19.247311827957
5710,"Coinsins",334,42.7,12.7844311377246
5711,"Commugny",233,33.4,14.3347639484979
5712,"Coppet",802,109.3,13.6284289276808
5713,"Crans-près-Céligny",356,51.5,14.4662921348315
5714,"Crassier",428,50.1,11.7056074766355
5715,"Duillier",222,23.9,10.7657657657658
5716,"Eysins",1260,287.6,22.8253968253968
5717,"Founex",852,134.4,15.7746478873239
5718,"Genolier",947,317.8,33.558606124604
5719,"Gingins",272,54,19.8529411764706
5720,"Givrins",178,5.2,2.92134831460674
5721,"Gland",6084,746.2,12.2649572649573
5722,"Grens",139,7.3,5.25179856115108
5723,"Mies",857,201.7,23.5355892648775
5724,"Nyon",15395,2359,15.3231568691133
5725,"Prangins",1813,526.3,29.0292333149476
5726,"La Rippe",160,15.6,9.75
5727,"Saint-Cergue",306,109.9,35.9150326797386
5728,"Signy-Avenex",763,143.2,18.7680209698558
5729,"Tannay",160,17.9,11.1875
5730,"Trélex",200,13.5,6.75
5731,"Le Vaud",189,11.9,6.2962962962963
5732,"Vich",702,69.1,9.84330484330484
5741,"L'Abergement",58,3.7,6.37931034482759
5742,"Agiez",71,0,0
5743,"Arnex-sur-Orbe",161,5.5,3.41614906832298
5744,"Ballaigues",1137,621.9,54.6965699208443
5745,"Baulmes",344,40.3,11.7151162790698
5746,"Bavois",178,6,3.37078651685393
5747,"Bofflens",66,0,0
5748,"Bretonnières",50,0.9,1.8
5749,"Chavornay",1061,150.7,14.2035815268615
5750,"Les Clées",32,0.9,2.8125
5751,"Corcelles-sur-Chavornay",96,9.2,9.58333333333333
5752,"Croy",95,9.1,9.57894736842105
5754,"Juriens",63,1,1.58730158730159
5755,"Lignerolle",70,8.7,12.4285714285714
5756,"Montcherand",90,4.2,4.66666666666667
5757,"Orbe",4367,607.2,13.904282115869
5758,"La Praz",28,0.9,3.21428571428571
5759,"Premier",40,0,0
5760,"Rances",78,3.5,4.48717948717949
5761,"Romainmôtier-Envy",137,9.3,6.78832116788321
5762,"Sergey",34,0,0
5763,"Valeyres-sous-Rances",158,10.9,6.89873417721519
5764,"Vallorbe",1445,469,32.4567474048443
5765,"Vaulion",152,11.5,7.56578947368421
5766,"Vuiteboeuf",182,1.8,0.989010989010989
5782,"Carrouge (VD)",340,3.6,1.05882352941176
5785,"Corcelles-le-Jorat",67,0,0
5788,"Essertes",43,0,0
5789,"Ferlens (VD)",26,0,0
5790,"Maracon",85,0,0
5791,"Mézières (VD)",438,3,0.684931506849315
5792,"Montpreveyres",83,1.8,2.16867469879518
5798,"Ropraz",82,0.9,1.09756097560976
5799,"Servion",472,11.4,2.41525423728814
5803,"Vulliens",92,0,0
5804,"Jorat-Menthue",365,7.8,2.13698630136986
5805,"Oron",2084,23.2,1.11324376199616
5812,"Champtauroz",33,0,0
5813,"Chevroux",96,0.9,0.9375
5816,"Corcelles-près-Payerne",623,2.7,0.43338683788122
5817,"Grandcour",213,0.9,0.422535211267606
5819,"Henniez",364,3.6,0.989010989010989
5821,"Missy",89,0,0
5822,"Payerne",6067,53.6,0.883467941321905
5827,"Trey",121,6.2,5.12396694214876
5828,"Treytorrens (Payerne)",32,0,0
5830,"Villarzel",129,0,0
5831,"Valbroye",1231,5.9,0.479285134037368
5841,"Château-d'Oex",1693,3.6,0.212640283520378
5842,"Rossinière",162,0,0
5843,"Rougemont",330,0,0
5851,"Allaman",400,28.1,7.025
5852,"Bursinel",88,8.2,9.31818181818182
5853,"Bursins",383,39,10.1827676240209
5854,"Burtigny",163,7.3,4.47852760736196
5855,"Dully",83,6.9,8.31325301204819
5856,"Essertines-sur-Rolle",105,5.2,4.95238095238095
5857,"Gilly",335,45.2,13.4925373134328
5858,"Luins",151,7.1,4.70198675496689
5859,"Mont-sur-Rolle",429,64.3,14.988344988345
5860,"Perroy",318,8.9,2.79874213836478
5861,"Rolle",4281,344,8.03550572296193
5862,"Tartegnin",84,3.9,4.64285714285714
5863,"Vinzel",104,15.1,14.5192307692308
5871,"L'Abbaye",1371,201.9,14.72647702407
5872,"Le Chenit",5595,3207.1,57.3208221626452
5873,"Le Lieu",713,301.3,42.258064516129
5881,"Blonay",1805,46.5,2.57617728531856
5882,"Chardonne",751,12.4,1.65113182423435
5883,"Corseaux",476,3.4,0.714285714285714
5884,"Corsier-sur-Vevey",1354,111.9,8.26440177252585
5885,"Jongny",196,2.4,1.22448979591837
5886,"Montreux",12475,432.5,3.46693386773547
5888,"Saint-Légier-La Chiésaz",2247,121.1,5.38940809968847
5889,"La Tour-de-Peilz",3012,40.7,1.35126162018592
5890,"Vevey",14392,370.6,2.57504168982768
5891,"Veytaux",191,4.5,2.35602094240838
5902,"Belmont-sur-Yverdon",77,0,0
5903,"Bioley-Magnoux",44,7.4,16.8181818181818
5904,"Chamblon",280,14.2,5.07142857142857
5905,"Champvent",210,32.8,15.6190476190476
5907,"Chavannes-le-Chêne",71,1.7,2.3943661971831
5908,"Chêne-Pâquier",42,0,0
5909,"Cheseaux-Noréaz",262,0.8,0.305343511450382
5910,"Cronay",75,0.9,1.2
5911,"Cuarny",64,0.7,1.09375
5912,"Démoret",51,0,0
5913,"Donneloye",148,5.4,3.64864864864865
5914,"Ependes (VD)",48,0.9,1.875
5915,"Essert-Pittet",55,0,0
5919,"Mathod",128,1.8,1.40625
5921,"Molondin",101,0.7,0.693069306930693
5922,"Montagny-près-Yverdon",1478,105.6,7.14479025710419
5923,"Oppens",138,3.7,2.68115942028986
5924,"Orges",75,9.1,12.1333333333333
5925,"Orzens",58,4.3,7.41379310344828
5926,"Pomy",246,7.2,2.92682926829268
5928,"Rovray",39,0,0
5929,"Suchy",92,2.6,2.82608695652174
5930,"Suscévaz",36,0.9,2.5
5931,"Treycovagnes",113,3.7,3.27433628318584
5932,"Ursins",35,0,0
5933,"Valeyres-sous-Montagny",93,1.8,1.93548387096774
5934,"Valeyres-sous-Ursins",52,0.9,1.73076923076923
5935,"Villars-Epeney",23,0,0
5937,"Vugelles-La Mothe",26,0,0
5938,"Yverdon-les-Bains",17366,1480.8,8.52700679488656
5939,"Yvonand",888,33.6,3.78378378378378
6002,"Brig-Glis",9125,457.1,5.00931506849315
6004,"Eggerberg",82,0.9,1.09756097560976
6007,"Naters",2241,203,9.05845604640785
6008,"Ried-Brig",358,5.5,1.53631284916201
6009,"Simplon",173,29.8,17.2254335260116
6010,"Termen",155,5.4,3.48387096774194
6011,"Zwischbergen",78,22,28.2051282051282
6021,"Ardon",790,2.3,0.291139240506329
6022,"Chamoson",1067,3.3,0.309278350515464
6023,"Conthey",3508,17.9,0.510262257696693
6024,"Nendaz",2366,6.6,0.278951817413356
6025,"Vétroz",1341,6,0.447427293064877
6031,"Bagnes",5543,18.1,0.326537975825365
6032,"Bourg-Saint-Pierre",101,5.7,5.64356435643564
6033,"Liddes",206,0.6,0.29126213592233
6034,"Orsières",1195,5.2,0.435146443514644
6035,"Sembrancher",453,3,0.662251655629139
6036,"Vollèges",556,0,0
6052,"Bellwald",255,1.7,0.666666666666667
6054,"Binn",60,0,0
6055,"Blitzingen",25,0,0
6056,"Ernen",237,3.5,1.47679324894515
6057,"Fiesch",742,10.8,1.455525606469
6058,"Fieschertal",216,0,0
6061,"Lax",84,0,0
6064,"Niederwald",41,0,0
6073,"Grafschaft",35,0,0
6074,"Münster-Geschinen",343,1.5,0.43731778425656
6075,"Reckingen-Gluringen",167,0,0
6076,"Obergoms",379,0,0
6081,"Les Agettes",39,0,0
6082,"Ayent",1026,0,0
6083,"Evolène",649,0,0
6084,"Hérémence",411,0,0
6087,"Saint-Martin (VS)",203,0,0
6089,"Vex",574,0.8,0.139372822299652
6090,"Mont-Noble",195,0,0
6101,"Agarn",196,3.4,1.73469387755102
6102,"Albinen",115,0,0
6104,"Ergisch",47,0,0
6109,"Inden",31,0,0
6110,"Leuk",1485,6.4,0.430976430976431
6111,"Leukerbad",1072,20.4,1.90298507462687
6112,"Oberems",25,0,0
6113,"Salgesch",792,2.5,0.315656565656566
6116,"Varen",183,0,0
6117,"Guttet-Feschel",93,0,0
6118,"Gampel-Bratsch",721,10.6,1.47018030513176
6119,"Turtmann-Unterems",535,6.4,1.19626168224299
6131,"Bovernier",107,0,0
6132,"Charrat",603,2.1,0.348258706467662
6133,"Fully",2233,3.1,0.138826690550828
6134,"Isérables",247,0,0
6135,"Leytron",1470,0,0
6136,"Martigny",12929,114.4,0.884832546987393
6137,"Martigny-Combe",508,2.3,0.452755905511811
6139,"Riddes",1155,9.9,0.857142857142857
6140,"Saillon",663,0.8,0.120663650075415
6141,"Saxon",1478,8.5,0.57510148849797
6142,"Trient",59,1.4,2.3728813559322
6151,"Champéry",561,13.7,2.44206773618538
6152,"Collombey-Muraz",3027,108,3.56788899900892
6153,"Monthey",10613,474.7,4.47281635729765
6154,"Port-Valais",645,116.6,18.077519379845
6155,"Saint-Gingolph",144,38.3,26.5972222222222
6156,"Troistorrents",943,73.9,7.83669141039237
6157,"Val-d'Illiez",547,13.1,2.39488117001828
6158,"Vionnaz",883,81.9,9.27519818799547
6159,"Vouvry",1450,180.3,12.4344827586207
6172,"Bister",10,0,0
6173,"Bitsch",326,27.3,8.37423312883436
6177,"Grengiols",145,0.8,0.551724137931034
6181,"Riederalp",429,28.4,6.62004662004662
6191,"Ausserberg",149,0,0
6192,"Blatten",82,0,0
6193,"Bürchen",225,3,1.33333333333333
6194,"Eischoll",91,0,0
6195,"Ferden",93,0,0
6197,"Kippel",123,0,0
6198,"Niedergesteln",108,3.7,3.42592592592593
6199,"Raron",976,31.1,3.18647540983607
6201,"Unterbäch",157,0,0
6202,"Wiler (Lötschen)",237,0,0
6203,"Mörel-Filet",387,8,2.0671834625323
6204,"Steg-Hohtenn",927,15.2,1.63969795037756
6205,"Bettmeralp",573,5.8,1.01221640488656
6211,"Collonges",97,0,0
6212,"Dorénaz",114,0,0
6213,"Evionnaz",607,29.8,4.90939044481054
6214,"Finhaut",115,13.2,11.4782608695652
6215,"Massongex",327,14.7,4.4954128440367
6217,"Saint-Maurice",2011,42,2.08851317752362
6218,"Salvan",267,1.7,0.636704119850187
6219,"Vernayaz",661,0,0
6220,"Vérossaz",92,1.1,1.19565217391304
6232,"Chalais",867,6.5,0.749711649365629
6234,"Chermignon",1224,1.6,0.130718954248366
6235,"Chippis",507,2.2,0.433925049309665
6238,"Grône",441,0,0
6239,"Icogne",157,0.7,0.445859872611465
6240,"Lens",1531,9.5,0.62050947093403
6241,"Miège",218,0,0
6242,"Mollens (VS)",163,0,0
6243,"Montana",1637,3.2,0.195479535736103
6244,"Randogne",1576,1.7,0.107868020304569
6246,"Saint-Léonard",465,1.7,0.365591397849462
6248,"Sierre",10357,48.9,0.472144443371633
6249,"Venthône",144,0,0
6250,"Veyras",188,2.5,1.32978723404255
6252,"Anniviers",1422,0,0
6261,"Arbaz",153,0,0
6263,"Grimisuat",697,0.7,0.100430416068867
6265,"Savièse",1478,2,0.13531799729364
6266,"Sion",33153,118.1,0.356227189092993
6267,"Veysonnaz",211,0.8,0.37914691943128
6281,"Baltschieder",117,0.9,0.769230769230769
6282,"Eisten",32,0,0
6283,"Embd",76,0,0
6285,"Grächen",569,1.7,0.298769771528998
6286,"Lalden",335,12.2,3.64179104477612
6287,"Randa",100,0,0
6288,"Saas-Almagell",185,0,0
6289,"Saas-Balen",107,0,0
6290,"Saas-Fee",1518,2.1,0.138339920948617
6291,"Saas-Grund",487,0,0
6292,"St. Niklaus",1136,6.3,0.554577464788732
6293,"Stalden (VS)",351,8.7,2.47863247863248
6294,"Staldenried",85,0,0
6295,"Täsch",274,0.7,0.255474452554745
6296,"Törbel",157,0,0
6297,"Visp",9310,244.3,2.62406015037594
6298,"Visperterminen",419,11,2.62529832935561
6299,"Zeneggen",54,11.2,20.7407407407407
6300,"Zermatt",6457,7,0.108409478085798
6402,"Bevaix",1405,46.6,3.31672597864769
6404,"Boudry",3435,296.5,8.63173216885007
6407,"Corcelles-Cormondrèche",1134,52.9,4.66490299823633
6408,"Cortaillod",1766,60.1,3.40317100792752
6409,"Fresens",169,14.6,8.63905325443787
6410,"Gorgier",511,4.3,0.841487279843444
6411,"Montalchez",47,0,0
6412,"Peseux",1712,53.7,3.13668224299065
6413,"Rochefort",204,13.9,6.81372549019608
6414,"Saint-Aubin-Sauges",908,35.8,3.94273127753304
6415,"Vaumarcus",123,4.7,3.82113821138211
6416,"Milvignes",2626,67.2,2.55902513328256
6421,"La Chaux-de-Fonds",26228,4320.2,16.4717096233033
6422,"Les Planchettes",69,5.4,7.82608695652174
6423,"La Sagne",369,54.6,14.7967479674797
6431,"Les Brenets",859,485.8,56.5541327124564
6432,"La Brévine",318,38.5,12.1069182389937
6433,"Brot-Plamboz",118,7.2,6.10169491525424
6434,"Le Cerneux-Péquignot",117,8.8,7.52136752136752
6435,"La Chaux-du-Milieu",111,7.9,7.11711711711712
6436,"Le Locle",7859,2752.1,35.0184501845018
6437,"Les Ponts-de-Martel",523,58.9,11.2619502868069
6451,"Cornaux",593,15.5,2.61382799325464
6452,"Cressier (NE)",1198,35.9,2.99666110183639
6453,"Enges",47,0.8,1.70212765957447
6454,"Hauterive (NE)",635,16.1,2.53543307086614
6455,"Le Landeron",1066,36.8,3.45215759849906
6456,"Lignières",261,0,0
6458,"Neuchâtel",31524,1467.3,4.6545489151123
6459,"Saint-Blaise",1350,44.9,3.32592592592593
6461,"La Tène",4184,193.8,4.63193116634799
6485,"Valangin",81,1.6,1.97530864197531
6487,"Val-de-Ruz",6907,602,8.71579556971189
6504,"La Côte-aux-Fées",349,99.1,28.3954154727794
6511,"Les Verrières",216,57.1,26.4351851851852
6512,"Val-de-Travers",5352,1086.4,20.2989536621824
6601,"Aire-la-Ville",349,52.3,14.9856733524355
6602,"Anières",338,82.7,24.4674556213018
6603,"Avully",219,8.1,3.6986301369863
6604,"Avusy",187,20.9,11.1764705882353
6605,"Bardonnex",445,108.8,24.4494382022472
6606,"Bellevue",1219,401.1,32.9040196882691
6607,"Bernex",2428,525.8,21.6556836902801
6608,"Carouge (GE)",25446,8971.8,35.2581938222117
6609,"Cartigny",246,87.4,35.5284552845528
6610,"Céligny",71,11.4,16.056338028169
6611,"Chancy",111,17.6,15.8558558558559
6612,"Chêne-Bougeries",4199,1101.6,26.2348178137652
6613,"Chêne-Bourg",2903,1336.1,46.0248019290389
6614,"Choulex",145,24.8,17.1034482758621
6615,"Collex-Bossy",216,37.5,17.3611111111111
6616,"Collonge-Bellerive",3964,1400.8,35.3380423814329
6617,"Cologny",1821,580.4,31.8725974739154
6618,"Confignon",855,123,14.3859649122807
6619,"Corsier (GE)",281,78.4,27.9003558718861
6620,"Dardagny",521,66.8,12.8214971209213
6621,"Genève",172928,32256.3,18.6530232235381
6622,"Genthod",750,186.4,24.8533333333333
6623,"Le Grand-Saconnex",10992,2077.1,18.8964701601164
6624,"Gy",94,19.4,20.6382978723404
6625,"Hermance",183,64.1,35.0273224043716
6626,"Jussy",311,105.1,33.7942122186495
6627,"Laconnex",102,17.5,17.156862745098
6628,"Lancy",20392,3894,19.0957238132601
6629,"Meinier",712,235.4,33.061797752809
6630,"Meyrin",20163,10295,51.0588702078064
6631,"Onex",3560,617.7,17.3511235955056
6632,"Perly-Certoux",1572,688.1,43.7722646310433
6633,"Plan-les-Ouates",13416,5493.2,40.9451401311866
6634,"Pregny-Chambésy",721,165.3,22.9264909847434
6635,"Presinge",198,84.2,42.5252525252525
6636,"Puplinge",764,60.5,7.91884816753927
6637,"Russin",118,14.1,11.9491525423729
6638,"Satigny",8642,2105.6,24.3647303864846
6639,"Soral",133,47.8,35.9398496240602
6640,"Thônex",5519,1280.9,23.2089146584526
6641,"Troinex",509,133.9,26.3064833005894
6642,"Vandoeuvres",530,141.5,26.6981132075472
6643,"Vernier",17602,5028.9,28.5700488580843
6644,"Versoix",3952,794.2,20.0961538461538
6645,"Veyrier",2030,511.8,25.2118226600985
6702,"Boécourt",400,126.1,31.525
6703,"Bourrignon",98,0.6,0.612244897959184
6704,"Châtillon (JU)",78,1.4,1.79487179487179
6705,"Corban",77,0,0
6706,"Courchapoix",150,12.7,8.46666666666667
6708,"Courrendlin",741,61.2,8.25910931174089
6709,"Courroux",844,62.9,7.45260663507109
6710,"Courtételle",859,137.4,15.9953434225844
6711,"Delémont",12192,1453.1,11.9184711286089
6712,"Develier",528,81,15.3409090909091
6713,"Ederswiler",42,0.8,1.9047619047619
6715,"Mervelier",90,0,0
6716,"Mettembert",15,0,0
6718,"Movelier",86,0.8,0.930232558139535
6719,"Pleigne",94,7.5,7.97872340425532
6720,"Rebeuvelier",133,2.2,1.65413533834586
6721,"Rossemaison",191,17.9,9.3717277486911
6722,"Saulcy",78,5.4,6.92307692307692
6724,"Soyhières",118,8.1,6.86440677966102
6728,"Vellerat",8,0,0
6729,"Haute-Sorne",2989,508.5,17.0123787219806
6730,"Val Terbi",862,47,5.45243619489559
6741,"Le Bémont (JU)",104,4.2,4.03846153846154
6742,"Les Bois",463,76.4,16.5010799136069
6743,"Les Breuleux",1045,277,26.5071770334928
6744,"La Chaux-des-Breuleux",19,0,0
6745,"Les Enfers",47,2.5,5.31914893617021
6748,"Les Genevez (JU)",373,84.5,22.6541554959786
6750,"Lajoux (JU)",199,9,4.52261306532663
6751,"Montfaucon",184,15.4,8.3695652173913
6753,"Muriaux",175,16.9,9.65714285714286
6754,"Le Noirmont",1686,467.8,27.7461447212337
6757,"Saignelégier",1813,239.1,13.1880860452289
6758,"Saint-Brais",80,2.8,3.5
6759,"Soubey",50,2.7,5.4
6771,"Alle",1211,409.2,33.7902559867878
6773,"Beurnevésin",37,2.9,7.83783783783784
6774,"Boncourt",1484,670.5,45.1819407008086
6775,"Bonfol",355,73.6,20.7323943661972
6778,"Bure",264,23.4,8.86363636363636
6781,"Coeuve",177,15.6,8.8135593220339
6782,"Cornol",506,137.1,27.0948616600791
6783,"Courchavon",141,51.8,36.7375886524823
6784,"Courgenay",963,230.2,23.9044652128764
6785,"Courtedoux",239,46.1,19.2887029288703
6787,"Damphreux",62,1.6,2.58064516129032
6789,"Fahy",161,63.7,39.5652173913043
6790,"Fontenais",232,30.2,13.0172413793103
6792,"Grandfontaine",116,15.1,13.0172413793103
6793,"Lugnez",46,4.9,10.6521739130435
6800,"Porrentruy",6239,1295.2,20.7597371373618
6803,"Rocourt",35,0.8,2.28571428571429
6806,"Vendlincourt",199,41.6,20.9045226130653
6807,"Basse-Allaine",504,79.9,15.8531746031746
6808,"Clos du Doubs",735,98.8,13.4421768707483
6809,"Haute-Ajoie",613,186.8,30.4730831973899
6810,"La Baroche",522,72.2,13.8314176245211
